tree
version=v4
num_class=1
num_tree_per_iteration=1
label_index=0
max_feature_idx=28
objective=regression
feature_names=ret_1d ret_5d ret_10d ret_21d ret_63d mom_12_1 dist_sma20 dist_sma50 dist_sma200 sma20_50 hi52_dist lo52_dist rsi_5 rsi_14 boll_z down_streak vol_21d vol_63d atr_pct range_pos gap vol_ratio turnover_z nifty_ret_5d nifty_ret_21d nifty_vol_21d nifty_dist_sma50 rs_21d rs_63d
feature_infos=[-0.21437001041305104:0.19997537811905386] [-0.27303019784796945:0.39276048972477895] [-0.71455663447239148:0.82242692547523188] [-0.73885684273370078:0.83138114268509944] [-0.73780806432237322:1.3965986394557826] [-0.79598712612211164:2.788801740552969] [-0.58242641133259054:0.53732475238793054] [-0.66299712297238445:0.63478760523478783] [-0.72637889708867531:0.90399407432956203] [-0.57656678182319077:0.3332804799354081] [-0.81160635661815927:0] [0:3.0827767590741209] [0:99.99999999989177] [0:99.999999978534191] [-4.1398223779027559:4.0952734423527524] [0:15] [0.0041173171733105071:0.14804814997149465] [0.0066381666618586799:0.087516065025183346] [0.0089662718251451203:0.25432187210036961] [0:0.99999999998913036] [-0.22290871225268993:0.19999999999999996] [0.061675563625124226:10.077521021496063] [-2.980131664487021:7.8077551964876637] [-0.057729062348679472:0.07707436936302603] [-0.12365739662022956:0.12467961059120158] [0.0042260658689661753:0.018252042845920528] [-0.10052460749602199:0.070054734007278796] [-0.74093120042114058:0.82554401721278647] [-0.82798628078137759:1.3400894293321175]
tree_sizes=2931 4003 3130 3947 3293 4110 3866 4033 1922 4608 3956 3769 3412 3298 3843 3487 1927 4512 4591 4613 2019 1454 3610 2201 3412 1524 2208 2199 2375 2931 1652 3877 1658 4048 3139 1554 2279 3746 2009 2865 3314 2291

Tree=0
num_leaves=32
num_cat=0
split_feature=18 18 26 21 5 9 13 4 28 26 2 3 4 28 11 9 11 5 4 24 26 17 18 28 28 19 9 28 28 17 18
split_gain=4.96073 5.27853 4.76961 3.74261 3.5781 3.36709 2.89302 2.99529 2.66078 2.58115 2.51932 2.50244 2.36047 2.28375 2.24568 2.21819 2.14648 1.96238 2.68589 1.85499 1.68171 1.56981 1.55145 1.49647 1.81353 1.13372 1.19063 1.04885 1.02566 0.965665 0.325277
threshold=0.038556199399280823 0.0218716217408731 -0.020975500152833445 0.50536846331819341 0.19043130914843201 -0.0028136095218233566 83.943418082698585 -0.16876273264363387 -0.28752341492313871 -0.00423723732839587 -0.024576513289408016 -0.072601086425668968 0.5252025772688631 0.43230238577781321 1.3443067070371018 -0.037352054942471673 0.78011240811259008 0.013976441025570942 0.094131437346320693 0.021448120851780609 0.039047923660944457 0.026062858449501024 0.028172867598864882 0.57999747592383133 0.15159481060977628 0.13377942806126644 -0.022587034992676055 0.087969375261234398 -0.21928119106978369 0.012470360990023089 0.018216953256987429
decision_type=2 2 2 2 2 2 2 2 2 2 2 2 2 2 2 2 2 2 2 2 2 2 2 2 2 2 2 2 2 2 2
left_child=1 2 27 25 8 10 7 9 -3 11 22 28 21 16 23 -12 -10 18 -5 -11 -19 -7 -6 24 -9 -4 -27 29 -2 30 -1
right_child=6 4 3 17 5 12 -8 14 13 19 15 -13 -14 -15 -16 -17 -18 20 -20 -21 -22 -23 -24 -25 -26 26 -28 -29 -30 -31 -32
leaf_value=0.49708935786251029 0.50792139332865849 0.50932624346942434 0.50577063265911715 0.50440930198585077 0.50108474950784943 0.50463196418127643 0.5118991047934871 0.5032996836708914 0.5022687339902655 0.49809552306707 0.4970082758576202 0.50409775147430858 0.49832420266616428 0.50895225773227548 0.51011020996883749 0.50203809574626279 0.49502590879997799 0.50552965015218121 0.50121588410704798 0.50760902490905546 0.49937823683464594 0.50784396954528166 0.5058850628240199 0.49811546528375977 0.50582924017349551 0.49788584198760499 0.50193541597729918 0.49595001716411807 0.513279227002992 0.50370153596660971 0.50041243535442914
leaf_weight=114 135 135 134 4727 251 2768 146 2331 14924 104 314 162 135 127 151 726 103 4378 765 101 114 441 511 109 1018 248 677 134 264 194 208
leaf_count=114 135 135 134 4727 251 2768 146 2331 14924 104 314 162 135 127 151 726 103 4378 765 101 114 441 511 109 1018 248 677 134 264 194 208
internal_value=0.503425 0.503206 0.504054 0.504299 0.502722 0.503862 0.504975 0.504744 0.502338 0.507584 0.50212 0.509339 0.504801 0.502276 0.504142 0.500519 0.502219 0.504598 0.503964 0.502783 0.505374 0.505073 0.504304 0.503881 0.504069 0.501472 0.50085 0.499891 0.511466 0.500915 0.499236
internal_weight=36649 32128 11693 11043 20435 5146 4521 4375 15289 766 1802 561 3344 15154 3609 1040 15027 9984 5492 205 4492 3209 762 3458 3349 1059 925 650 399 516 322
internal_count=36649 32128 11693 11043 20435 5146 4521 4375 15289 766 1802 561 3344 15154 3609 1040 15027 9984 5492 205 4492 3209 762 3458 3349 1059 925 650 399 516 322
is_linear=0
shrinkage=1


Tree=1
num_leaves=42
num_cat=0
split_feature=10 18 21 25 13 10 18 5 25 11 10 21 25 17 28 11 9 17 25 11 21 28 17 11 24 7 11 25 9 7 13 9 5 28 13 28 5 9 10 25 21
split_gain=6.49175 3.71099 3.91305 3.23946 4.45371 3.85636 3.10084 3.16327 2.95734 2.82105 2.45256 2.34782 2.19068 3.97966 3.06589 3.12348 3.48059 2.66417 2.09859 2.09311 2.24789 1.9581 2.6936 1.9462 1.85387 1.83228 1.8219 1.61185 1.59556 1.56851 1.28444 1.26368 1.11253 1.08603 1.04554 1.15668 0.98357 1.01523 0.925225 0.854871 0.340488
threshold=-0.061070916800461054 0.038823526033854409 3.9431784367580947 0.0097619133724529666 39.392639945195931 -0.28359939045393101 0.019510192324829406 0.29322970620085381 0.0050110980918222177 0.5176585575201984 -0.18367630761505946 0.56472595934540604 0.005214044796954735 0.024966645760863344 0.57999747592383133 0.79590976578716355 0.02504208957140153 0.021581456382967063 0.0079241704227118962 1.1121820076005231 0.45654955691014937 -0.025438153844150987 0.024455513590204338 0.81131090364945513 0.01689114889173771 -0.061961054952078091 0.33367874683324855 0.0051416702069699465 -0.0070484992084298139 -0.00060618068487011667 72.309301818869613 -0.03038846589959315 -0.16696188903006534 -0.21054401551640198 41.490006525698234 0.19586974047461417 0.16686086365222333 0.02029676905713618 -0.40983118621010872 0.012873976042927598 0.7688680656262028
decision_type=2 2 2 2 2 2 2 2 2 2 2 2 2 2 2 2 2 2 2 2 2 2 2 2 2 2 2 2 2 2 2 2 2 2 2 2 2 2 2 2 2
left_child=1 2 6 4 9 29 11 8 -8 25 26 32 17 19 15 16 -15 30 -17 20 -14 39 -23 -19 -22 -3 -6 -13 -12 33 34 -9 -1 -5 40 -36 37 -32 -31 -7 -2
right_child=12 3 -4 5 10 21 7 31 -10 -11 28 27 13 14 -16 18 -18 23 -20 -21 24 22 -24 -25 -26 -27 -28 -29 -30 38 36 -33 -34 -35 35 -37 -38 -39 -40 -41 -42
leaf_value=0.0004482297636835486 0.0071370270388000758 0.0030588546935843498 -0.009188615997669387 0.0027251200088592728 -0.0070688270707957128 0.00059689959490680385 -0.0024029074943024802 -0.001384055576055813 -0.00074428349124264085 -0.0042567996105600074 0.0057170790228255018 0.0020241950928243276 0.0065563962169873872 0.0089581400758169342 -0.0025533985429986692 0.0025566931208909501 -7.2275094949008693e-05 0.001239187833706583 0.011214797358203998 -0.0067974139506265796 0.00070136566017021756 -0.0016152112910180893 0.0039314293335258902 -0.0074153961304354631 -0.0014568149757283894 0.010734978041982333 -0.0012130917940681818 0.00010408248789983541 -0.001423619399739628 0.0063746265962596653 0.0066227516333619467 0.0017635265618129001 -0.003315485208946234 0.008115801915639197 0.0022528106735543842 -0.0017180665555518592 0.0078636846992518068 0.0010303313271381343 0.000682892301388891 -0.0049958521420116067 0.0035155591549534751
leaf_weight=314 121 317 132 124 340 108 3334 406 13859 104 101 2014 133 145 180 102 404 151 223 111 2892 361 556 114 1517 103 218 2390 347 102 139 1486 524 379 1671 206 190 195 238 186 140
leaf_count=314 121 317 132 124 340 108 3334 406 13859 104 101 2014 133 145 180 102 404 151 223 111 2892 361 556 114 1517 103 218 2390 347 102 139 1486 524 379 1671 206 190 195 238 186 140
internal_value=-1.38387e-05 -0.000382942 -0.000603116 0.00111964 -0.000622074 0.00241702 -0.000556531 -0.000852379 -0.00106592 0.00311575 -0.00256901 0.000520587 0.001185 0.000614623 0.00338881 0.0046126 0.00231281 0.0022971 0.00849748 -1.3787e-05 0.000151995 0.00060943 0.00174786 -0.00248392 -4.11973e-05 0.00494133 -0.0047811 0.000982172 0.000186226 0.00501369 0.00277305 0.00108809 -0.00190521 0.00678689 0.00222932 0.00181701 0.00499156 0.00335772 0.00239041 -0.00294137 0.00519448
internal_weight=36677 28043 24459 3584 1530 2054 24327 19085 17193 524 1006 5242 8634 5707 1054 874 549 2927 325 4653 4542 1211 917 265 4409 420 558 4404 448 843 2662 1892 838 503 2138 1877 524 334 340 294 261
internal_count=36677 28043 24459 3584 1530 2054 24327 19085 17193 524 1006 5242 8634 5707 1054 874 549 2927 325 4653 4542 1211 917 265 4409 420 558 4404 448 843 2662 1892 838 503 2138 1877 524 334 340 294 261
is_linear=0
shrinkage=0.05


Tree=2
num_leaves=32
num_cat=0
split_feature=5 4 8 4 17 28 17 5 16 18 21 21 18 18 22 28 17 24 17 11 17 11 28 8 5 12 11 18 5 27 20
split_gain=4.68574 3.15508 2.77465 4.35552 2.81911 2.74779 3.98857 3.94328 3.38462 2.38529 2.33348 2.1648 2.69607 2.40036 1.89713 1.89508 1.82952 2.40641 1.70033 1.59618 1.39808 2.52836 1.68711 1.31158 1.14789 1.0747 0.99096 0.963814 0.7699 0.728974 0.587458
threshold=-0.023582618966647758 -0.24874715993544463 -0.12251880124663904 -0.036486741970769614 0.029193045472313068 0.6685128417798506 0.024119789496399358 0.2189464274723886 0.010362421824008141 0.022808896939003665 3.9431784367580947 0.58175568986179027 0.019879577940946996 0.038556199399280823 -0.42952527149516001 -0.037713023203112643 0.018403789957520404 -0.0087749497966047012 0.027843715272676543 0.13523911087512244 0.029487629517333504 0.38646854933862901 0.046828303809185186 0.06761808112508684 -0.16416868295791451 19.600049201224646 0.047109785142179901 0.017144035319173564 -0.38368997803262783 -0.047502922309173405 -0.0011679315103784724
decision_type=2 2 2 2 2 2 2 2 2 2 2 2 2 2 2 2 2 2 2 2 2 2 2 2 2 2 2 2 2 2 2
left_child=1 24 4 9 15 6 8 -8 -5 19 11 14 23 -14 18 16 26 -18 -3 27 22 -22 -11 -13 25 -1 -2 -4 -16 -27 -21
right_child=2 10 3 5 -6 -7 7 -9 -10 20 -12 12 13 -15 28 -17 17 -19 -20 30 21 -23 -24 -25 -26 29 -28 -29 -30 -31 -32
leaf_value=0.00073237375746248296 -0.0028019661105476148 -0.001031769088494618 0.0023076253398449736 0.0022748159686270968 0.008518436518448488 -0.0065331885849445829 0.00024932972474494517 0.0040775950211353841 5.4839665274508667e-05 -0.0013055031807956956 -0.0063695646998074978 0.0011702121616276736 -0.0011034826133232043 0.0013556832127467246 -0.0067563327394473448 -0.0036363169982317183 0.0083262174635182155 0.001267734416732896 0.0056177070390606562 0.0046077028604350079 -0.00018923562389981246 -0.010890654690146015 -0.0078672229873893006 -0.0023911165388614533 -0.00092741023353670564 0.0087283278906347926 0.0032414703662133047 -0.0031895327550337119 -0.002691259056924722 0.0034801001484459654 0.0013709932694369595
leaf_weight=125 172 1673 109 2069 189 128 1130 1662 10090 2473 182 2990 8195 1129 126 136 231 253 102 187 107 114 102 283 126 146 112 297 1541 121 560
leaf_count=125 172 1673 109 2069 189 128 1130 1662 10090 2473 182 2990 8195 1129 126 136 231 253 102 187 107 114 102 283 126 146 112 297 1541 121 560
internal_value=8.92015e-07 -0.000617184 0.00051508 0.000374357 0.00296491 0.000761482 0.000823934 0.00252819 0.000432595 -0.00110385 -0.000739853 -0.000675971 -0.000372329 -0.000805714 -0.00178724 0.00180383 0.00276719 0.00463656 -0.000649658 0.000809746 -0.00189297 -0.00570942 -0.00156542 0.000862282 0.00322417 0.00455861 -0.000418639 -0.00171369 -0.00299852 0.00634992 0.00218125
internal_weight=36860 16739 20121 19028 1093 15079 14951 2792 12159 3949 16221 16039 12597 9324 3442 904 768 484 1775 1153 2796 221 2575 3273 518 392 284 406 1667 267 747
internal_count=36860 16739 20121 19028 1093 15079 14951 2792 12159 3949 16221 16039 12597 9324 3442 904 768 484 1775 1153 2796 221 2575 3273 518 392 284 406 1667 267 747
is_linear=0
shrinkage=0.05


Tree=3
num_leaves=41
num_cat=0
split_feature=10 4 17 26 24 28 27 24 17 17 9 9 4 28 17 2 24 17 18 24 9 2 5 5 9 13 10 4 5 9 5 24 12 3 10 9 28 27 10 9
split_gain=5.78096 4.76928 3.60907 4.0794 4.3093 3.52959 2.70308 2.96893 2.4491 2.4208 2.67658 2.61393 2.95268 2.47043 2.16467 2.12924 2.08769 3.26445 2.11543 2.00037 1.94531 1.92534 1.90353 1.87136 3.26919 1.78671 1.72524 1.72349 1.78254 1.58825 1.43014 1.26187 1.23591 1.42843 0.919574 0.912904 0.882343 0.782315 0.773328 0.613251
threshold=-0.15802738956912707 -0.24874715993544463 0.024249075305975198 -0.017731818648939742 0.018289999378048098 0.57999747592383133 0.021977416903417927 0.013610702268622711 0.021581456382967063 0.029835370045182292 0.048858292622704476 0.075387100541424293 -0.14134062235841624 0.1143487584072065 0.014175841979483099 0.16711155403828262 -0.0049206546947490595 0.020500429277587866 0.028067782397560418 0.077336188524479002 0.0066956547670355979 0.068914624848170916 0.20809361626617331 0.70965358992278782 0.034562906548783474 77.05572343058337 -0.0073249407041708894 0.099296415484312353 0.31942006598702039 -0.12876394278765693 -0.16154013717243834 -0.022712519509508308 27.272715843977171 -0.14647685967434029 -0.0097446217189752198 0.021165349128473235 0.0013333461221303191 0.13188465419330106 -0.032389902137036401 -0.065576789888253481
decision_type=2 2 2 2 2 2 2 2 2 2 2 2 2 2 2 2 2 2 2 2 2 2 2 2 2 2 2 2 2 2 2 2 2 2 2 2 2 2 2 2
left_child=1 29 3 8 14 15 7 16 26 11 20 12 -8 -13 25 23 17 -3 -18 21 -11 -6 -16 31 -25 -5 36 28 -9 -1 -29 -4 33 -31 -17 -10 -2 -12 -7 -34
right_child=2 6 5 4 19 38 9 27 35 10 37 13 -14 -15 22 34 18 -19 -20 -21 -22 -23 -24 24 -26 -27 -28 30 -30 32 -32 -33 39 -35 -36 -37 -38 -39 -40 -41
leaf_value=-0.0022292917518800981 0.00027206043188779215 -0.0012323114252408153 0.0043119980589872743 0.0018435125847110915 8.2866371297340861e-06 -0.0066095661029394251 -0.007009300492986501 0.0011859964889126846 0.0055203243194645859 0.0019826162189232172 0.0088583410837312082 -0.0023330484364931991 -0.0015959901722766867 -0.013052484696343647 -0.00014284102569320361 0.0042735161562041752 -0.0010806998646426189 0.0016473203726270046 -0.003651107930013667 -0.006796786489609916 -0.0049687692802399402 -0.0029265011667156228 0.0017478059940813373 -0.0010028968828365854 0.0093601889537854328 0.0062691548522797501 -0.008535443035203337 -0.0057493765768991912 -0.0040031390249153139 0.0061836550049483782 -0.00025967456546553236 0.0011164873167907733 0.0082659684416342763 -0.00069846700842486154 0.01055721626734408 -0.00022219308938544531 -0.0023628537190163172 0.0026946768572642691 -0.0010372861515674176 0.0038044568825548945
leaf_weight=111 397 2873 395 3958 3271 100 272 3816 148 214 101 108 3409 107 3405 114 2693 1497 1139 130 190 674 2186 115 225 242 101 176 173 125 364 1418 189 190 119 130 1591 105 165 130
leaf_count=111 397 2873 395 3958 3271 100 272 3816 148 214 101 108 3409 107 3405 114 2693 1497 1139 130 190 674 2186 115 225 242 101 176 173 125 364 1418 189 190 119 130 1591 105 165 130
internal_value=1.29532e-05 -0.000628677 0.000623936 0.000344601 0.000672086 0.00233441 -0.000797965 -0.000425459 -0.00157383 -0.00185042 0.00107844 -0.002309 -0.001996 -0.00766784 0.00124074 0.00294242 -0.000992847 -0.000245856 -0.00184471 -0.000694218 -0.0012866 -0.000493119 0.000596375 0.00245106 0.00585503 0.00209851 -0.00216054 0.000602077 0.000960947 0.00328811 -0.00204891 0.0018127 0.00425409 0.00203253 0.00748279 0.00283497 -0.00183667 0.00571667 -0.00314003 0.0064478
internal_weight=36866 17982 18884 16233 13866 2651 17237 12731 2367 4506 610 3896 3681 215 9791 2386 8202 4370 3832 4075 404 3945 5591 2153 340 4200 2089 4529 3989 745 540 1813 634 315 233 278 1988 206 265 319
internal_count=36866 17982 18884 16233 13866 2651 17237 12731 2367 4506 610 3896 3681 215 9791 2386 8202 4370 3832 4075 404 3945 5591 2153 340 4200 2089 4529 3989 745 540 1813 634 315 233 278 1988 206 265 319
is_linear=0
shrinkage=0.05


Tree=4
num_leaves=34
num_cat=0
split_feature=10 27 21 6 28 17 5 9 21 17 13 18 24 24 17 5 5 18 17 8 9 8 10 16 7 17 28 13 17 27 27 24 12
split_gain=5.70482 3.64478 3.34277 2.82363 2.63072 2.63122 3.74733 3.32671 2.5953 2.54702 2.42992 1.9785 1.88294 3.20057 2.07486 1.7929 1.68241 1.77041 2.1122 1.59981 2.54624 1.58836 1.7909 1.67132 1.41273 1.36989 1.28087 1.66585 1.23629 1.20844 0.962473 0.846339 0.678376
threshold=-0.072488693003225343 -0.016212164160766481 0.55581469797369321 0.18385325440162251 0.57999747592383133 0.025101538668779195 0.34141017514364597 0.015958824907128081 0.89440389634132678 0.02853852146918125 41.882029035283317 0.019333974286492184 -0.014890327510592659 0.013610702268622711 0.021102639848437615 0.6178949413506436 -0.35848975064919092 0.020933815351963373 0.019106137178478155 -0.13096769394181004 0.042392437760854225 0.13283838218813251 -0.12480041312439009 0.023793809672045821 0.1546618558159534 0.018403789957520404 0.038463983218524574 68.055231964467055 0.037939759399269905 0.023433801924788392 -0.047502922309173405 0.0017209336688751577 29.953074882157676
decision_type=2 2 2 2 2 2 2 2 2 2 2 2 2 2 2 2 2 2 2 2 2 2 2 2 2 2 2 2 2 2 2 2 2
left_child=1 2 21 4 5 12 7 -7 -8 11 -11 26 14 -14 -2 24 30 25 -19 28 -21 22 23 -1 -13 -18 27 -3 -12 -28 32 -24 -4
right_child=3 9 16 -5 -6 6 8 -9 -10 10 19 15 13 -15 -16 -17 17 18 -20 20 -22 -23 31 -25 -26 -27 29 -29 -30 -31 -32 -33 -34
leaf_value=-0.0020011148066233424 -0.0015870963012572057 3.8840154232021713e-05 0.0086625484308805664 0.0090496246564995362 -0.0050181915402435322 0.0078334243011406873 0.010011602201196547 -0.0021592779070657877 0.0027135880503034141 0.0069605545996987185 0.00643864033357581 -0.0014828842486360897 0.0020513390004044956 -7.6727106260385594e-05 0.003412690051978954 0.0038224312117928344 0.0013121756309274026 -0.00076141690665187207 0.00094960204076465274 -0.0030594679935643803 0.0021911196997949308 -0.0057994144245688073 0.0065140996929258111 0.0024829156430365216 -0.0059897742277579546 0.0067507035824400947 0.00030788035499146928 0.0040197330086698463 -0.00027243865059957032 -0.0051424307580633637 0.00049638890648826157 0.00058360977640139588 0.0034203608725672692
leaf_weight=1922 1326 1470 108 108 183 110 259 343 230 156 164 9860 3979 3178 246 157 2688 3725 3497 507 424 190 100 233 177 121 208 320 118 199 140 151 144
leaf_count=1922 1326 1470 108 108 183 110 259 343 230 156 164 9860 3979 3178 246 157 2688 3725 3497 507 424 190 100 233 177 121 208 320 118 199 140 151 144
internal_value=-1.26006e-05 -0.000392607 0.000207086 0.0010089 0.000920775 0.00103316 0.00354371 0.000267206 0.006579 -0.000960006 0.00108657 -0.00118612 0.000762226 0.00110639 -0.000804687 -0.00147943 0.000606929 0.000481352 6.7084e-05 0.000331141 -0.000668223 -0.0013983 -0.00105074 -0.0015163 -0.00156236 0.00154644 0.000174832 0.000750508 0.00363046 -0.00235701 0.00382036 0.00294635 0.00566701
internal_weight=36741 26779 13019 9962 9854 9671 942 453 489 13760 1369 12391 8729 7157 1572 10194 10423 10031 7222 1213 931 2596 2406 2155 10037 2809 2197 1790 282 407 392 251 252
internal_count=36741 26779 13019 9962 9854 9671 942 453 489 13760 1369 12391 8729 7157 1572 10194 10423 10031 7222 1213 931 2596 2406 2155 10037 2809 2197 1790 282 407 392 251 252
is_linear=0
shrinkage=0.05


Tree=5
num_leaves=43
num_cat=0
split_feature=10 4 12 18 21 26 26 27 25 13 26 25 5 9 12 6 14 9 4 17 26 21 12 25 25 17 25 4 27 21 25 25 1 8 5 14 5 21 24 26 3 3
split_gain=4.34741 3.01068 2.8743 2.74024 2.57384 2.36425 2.49691 3.63552 1.84559 1.73743 1.66113 2.26297 1.56247 1.53918 1.47702 1.42841 1.39373 1.34623 1.33705 1.32908 1.59104 1.26205 1.24878 1.2357 1.22082 1.16064 1.154 1.24754 1.09582 1.09415 1.0766 1.84205 0.99614 0.964353 1.45203 0.921379 0.840018 0.65735 0.610594 0.563075 0.462318 0.397856
threshold=-0.061070916800461054 -0.24874715993544463 26.620795665138846 0.014209567272376229 5.3254272780903511 -0.014788343573618632 0.03071313802823428 -0.0025587982714662112 0.0048859172583275703 72.309301818869613 0.018276153923009856 0.0059677578520090689 0.13254299766644298 -0.021186484520761491 90.023544003969462 0.0041794036122768672 0.35744917231750611 0.060632628559423092 0.13904065959929537 0.021102639848437615 -0.021318197966662174 1.3404188507669608 5.1640240371563744 0.0077113927165858931 0.0064604975518699126 0.012398787892023507 0.012873976042927598 -0.29783395833158943 0.05990323229235129 0.67806974444007584 0.0063371143176604314 0.011446021631392815 -0.078803978718701859 -0.19118016684837821 -0.19661343274587226 1.0116691265589541 -0.17851138836015631 1.120804234167678 0.0075824354920360779 -0.020975500152833445 -0.16091024177016613 -0.014409476842843548
decision_type=2 2 2 2 2 2 2 2 2 2 2 2 2 2 2 2 2 2 2 2 2 2 2 2 2 2 2 2 2 2 2 2 2 2 2 2 2 2 2 2 2 2
left_child=1 26 13 29 8 12 9 15 -5 16 14 -12 30 22 -11 -8 18 24 -7 25 -21 28 36 -18 -9 -15 27 40 39 38 -2 -32 -24 34 -29 -30 -3 -19 -4 -14 -1 -31
right_child=5 2 3 4 -6 6 7 17 -10 10 11 -13 21 19 -16 -17 23 37 -20 20 -22 -23 32 -25 -26 -27 -28 33 35 41 31 -33 -34 -35 -36 -37 -38 -39 -40 -41 -42 -43
leaf_value=0.0010172425608774558 -0.0019419602270108255 -0.0055465349547871899 -0.0030495530823245647 -0.0020458505289150776 -0.0088081142380833626 0.001379523293331685 -0.0012277226749807598 0.0026116002504658724 -0.00058100594651738498 0.0026521256110224965 0.0035042173704309594 -0.0049312491393980707 -0.0057071763186753305 0.001961953510022769 0.0062018112242636109 -0.0080611233549844948 -0.00015453678367925719 0.0018488161725218636 0.0044025523825688114 0.0060102434478605804 0.0014708703719851085 -0.0063548586025542354 0.0048368997320614978 0.0019426428897399745 -0.0028900055477861317 -9.5865376459950823e-05 0.0061541438589763579 0.0056050814672998321 0.0033736773819965163 0.0061898851916545412 0.00674476043351235 -0.0019593655467033387 -0.00028582575208434366 0.0074301763513518514 -0.0026588341983476899 -0.0024187611162158678 -0.0014243474088508233 0.0070809202233096296 0.0024486643414289291 -0.0013307512284907168 -0.003697508213088094 0.0028911242502921552
leaf_weight=103 156 176 100 2461 100 1161 125 169 17030 862 184 140 148 901 444 197 2082 148 534 227 1290 166 102 1060 250 2861 195 111 157 159 155 100 1363 109 102 122 415 101 102 146 105 215
leaf_count=103 156 176 100 2461 100 1161 125 169 17030 862 184 140 148 901 444 197 2082 148 534 227 1290 166 102 1060 250 2861 195 111 157 159 155 100 1363 109 102 122 415 101 102 146 105 215
internal_value=-1.50091e-05 -0.000314963 -0.000398804 -0.000707075 -0.000807012 0.000968701 0.00129413 -0.00104429 -0.000765962 0.00165211 0.00306389 -0.000140737 -0.0011415 0.000448764 0.00385891 -0.00540841 0.00117636 0.00105937 0.00233191 0.000900776 0.00215013 -0.00251594 -0.000711824 0.000552978 -0.000670981 0.000396983 0.00286545 0.00165545 -0.00140379 0.002692 0.00132982 0.00333138 7.08418e-05 0.00360513 0.00164771 0.000840783 -0.00265194 0.00397108 -0.000273225 -0.00353385 -0.0013628 0.00429354
internal_weight=36834 28227 27502 20167 19591 8607 7457 990 19491 6467 1630 324 1150 7335 1306 322 4837 668 1695 5279 1517 739 2056 3142 419 3762 725 530 573 576 411 255 1465 322 213 279 591 249 202 294 208 374
internal_count=36834 28227 27502 20167 19591 8607 7457 990 19491 6467 1630 324 1150 7335 1306 322 4837 668 1695 5279 1517 739 2056 3142 419 3762 725 530 573 576 411 255 1465 322 213 279 591 249 202 294 208 374
is_linear=0
shrinkage=0.05


Tree=6
num_leaves=40
num_cat=0
split_feature=10 26 18 9 24 11 18 21 28 6 28 6 23 5 26 28 26 21 21 9 9 3 3 18 6 10 3 7 10 11 9 23 18 16 11 26 9 16 12
split_gain=5.25116 3.64704 4.69091 3.63612 2.80381 3.11366 2.78502 2.25718 2.17699 2.47718 2.13627 2.29133 2.10143 2.00862 2.10444 1.89117 1.95698 1.52397 1.50665 1.43681 1.37827 1.36692 1.32845 1.30407 1.41484 1.28274 1.25651 1.23425 1.22052 1.09231 1.02813 0.849537 0.730514 0.714296 0.693798 0.799689 0.662033 0.660956 0.496259
threshold=-0.15802738956912707 -0.017731818648939742 0.039900663629762113 -0.042576422655248684 0.018289999378048098 0.089409998615403455 0.02194132535286385 1.0630206087749088 0.57999747592383133 0.13493265110987343 0.15462023965468233 -0.025812139542247033 0.017492669723686242 0.6779836545417901 0.039047923660944457 -0.067961807756985945 0.015786975839871768 2.1762963413392544 0.55581469797369321 0.013817810711413971 -0.0082035460625327055 0.098529196133876909 -0.044736334597587295 0.029902058264480526 -0.008944415488829514 -0.25341184244262588 -0.063408731049788655 -0.12759328486913238 -0.18075627726130558 0.17837767159535692 -0.078441555585721176 -0.0065387315358430556 0.037907935937298305 0.025685506475232243 0.22334296579163007 -0.034942987080163794 -0.034327273263642759 0.030838711017779952 62.170726542816134
decision_type=2 2 2 2 2 2 2 2 2 2 2 2 2 2 2 2 2 2 2 2 2 2 2 2 2 2 2 2 2 2 2 2 2 2 2 2 2 2 2
left_child=1 2 7 32 6 12 18 28 9 13 11 -8 26 14 -5 16 -7 -11 29 -15 -20 -12 -17 36 -25 -14 -6 33 30 -3 -1 -10 38 -4 35 -29 -9 -36 -2
right_child=3 4 27 8 5 15 10 23 31 17 21 -13 25 19 -16 22 -18 -19 20 -21 -22 -23 -24 24 -26 -27 -28 34 -30 -31 -32 -33 -34 -35 37 -37 -38 -39 -40
leaf_value=0.0058839188226142798 -0.0027429326161693196 -0.0014380503662256615 0.0041835613671638494 0.0006772468344872709 -0.0027830320054493931 -0.0025999562816291489 -0.0010809780572123811 -0.0059905772962513459 -0.0074465817771852023 0.0094307475071400415 0.0044475934420934483 -0.0031018515792287532 0.008589665376745291 -0.00032613177613115014 -0.0017329878578521167 0.0023309950261436955 0.0018902215179284342 0.0014920408845739029 0.0013587938316288542 0.0044116637294089366 -0.00099558565438588402 -0.0025103547908789056 -0.0018229837185272449 0.00086246813471938335 -0.0050463953105589522 0.0015205882973640486 0.0019421286781545527 0.0023980555061487159 -0.0031873496916994233 -0.0066634156301827929 0.0010757501884337054 -0.0016512105658347178 -0.00028758705277176738 0.0097667380881144624 -0.0021813139357868962 0.0068826916935414862 -0.0022310616920354345 0.0034329372882326639 -0.0066878751975638639
leaf_weight=123 133 517 108 16278 174 319 2282 218 100 130 197 3640 176 221 959 209 1014 113 1342 580 1158 110 2433 459 130 101 735 274 153 124 1157 172 103 122 109 156 253 101 199
leaf_count=123 133 517 108 16278 174 319 2282 218 100 130 197 3640 176 221 959 209 1014 113 1342 580 1158 110 2433 459 130 101 735 274 153 124 1157 172 103 122 109 156 253 101 199
internal_value=-2.67354e-05 -0.000641313 0.000842472 0.000552433 -0.000984714 -4.88792e-05 -0.00150017 -0.000260675 0.000658379 0.000724445 -0.0021123 -0.00232312 0.00219948 0.00065689 0.000543151 -0.000719709 0.000815678 0.00573909 -0.000286254 0.00310448 0.000268245 0.00195452 -0.00149438 -0.00200997 -0.000441695 0.00601213 0.00103764 0.00400356 0.00103329 -0.00244889 0.00153779 -0.00378186 -0.00396625 0.00714507 0.00287458 0.00402504 -0.00397113 0.000518874 -0.00510752
internal_weight=36882 17894 3363 18988 14531 5161 9370 2493 18553 18281 6229 5922 1186 18038 17237 3975 1333 243 3141 801 2500 307 2642 1060 589 277 909 870 1433 641 1280 272 435 230 640 430 471 210 332
internal_count=36882 17894 3363 18988 14531 5161 9370 2493 18553 18281 6229 5922 1186 18038 17237 3975 1333 243 3141 801 2500 307 2642 1060 589 277 909 870 1433 641 1280 272 435 230 640 430 471 210 332
is_linear=0
shrinkage=0.05


Tree=7
num_leaves=42
num_cat=0
split_feature=10 2 26 26 27 18 25 5 8 26 4 26 18 8 28 13 27 2 5 27 25 25 10 25 27 12 14 2 5 2 23 18 16 1 5 5 25 16 14 8 19
split_gain=4.86553 3.10926 2.56487 2.12203 2.54598 1.93409 3.42297 3.61541 2.81909 2.05649 2.10928 1.98275 1.69617 2.35185 2.27912 1.66502 1.66243 1.56515 1.55233 1.48511 1.28873 2.24842 2.23568 1.95416 1.27695 1.99969 1.23739 1.95178 1.19105 1.17373 1.17326 1.1249 1.11824 1.09137 1.09676 1.07162 1.06692 1.05096 0.784132 0.391047 0.349244
threshold=-0.061070916800461054 -0.031035925792126492 -0.017731818648939742 0.03071313802823428 -0.025410940097188913 0.022100821016843072 0.0050880154720233757 0.43626403332467151 -0.25991770615279158 -0.021318197966662174 0.095791799481787079 0.015320948681982862 0.039900663629762113 -0.096387987378864157 -0.067961807756985945 71.627734765630848 -0.12538467546450241 0.017826847955085271 0.21537850367746272 -0.04670615445694775 0.0086293138265780035 0.005629823647543007 -0.37667889563413132 0.0072741374165352394 0.12524540992984082 84.644349706686839 -0.054995216171072607 0.063239461390808396 0.19370364778273488 0.13234170844883245 -0.019610000606139762 0.044376294785070929 0.012753494750908251 0.0055114618390804679 0.15347214323904804 0.092593427415262677 0.0079394975101670529 0.024370340786326796 0.68598645013179893 0.083943215212946912 0.44047707708607725
decision_type=2 2 2 2 2 2 2 2 2 2 2 2 2 2 2 2 2 2 2 2 2 2 2 2 2 2 2 2 2 2 2 2 2 2 2 2 2 2 2 2 2
left_child=1 12 18 19 -5 9 7 32 17 40 15 -10 20 16 -15 -11 -14 -8 30 -4 21 22 -1 -23 25 -6 -20 -28 -16 31 38 -21 -7 34 -22 -12 -31 -18 -2 -32 -3
right_child=2 5 3 4 24 6 8 -9 11 10 35 -13 13 14 28 -17 37 -19 26 29 33 23 -24 -25 -26 -27 27 -29 -30 36 39 -33 -34 -35 -36 -37 -38 -39 -40 -41 -42
leaf_value=-0.0042899153342906143 0.00020771146749933088 -0.0024446989342773169 0.0075798695106502811 -0.0063322323107439489 0.001166787009778846 -0.0071413034321969483 0.0090217481457247322 0.0044123722013506683 -0.0013010129576763105 0.00032492367263971711 -0.0026766603437777445 0.00013447763819236065 0.00024239241706150124 -0.0069026581530924891 -0.0018507279107568436 0.00359680414871989 0.0018991190437814148 0.0011805250736520879 -0.0076434127674226407 0.0015047349158487542 -0.001966533157905861 0.0030460902488921257 0.00018816894059193627 5.4157366184341926e-05 0.0045646033009098894 -0.0049194687129264433 0.0013679627139362826 -0.0069135113661418328 0.0028858085789534842 0.00094626704370897685 0.0006023328709831038 -0.0037143001841780329 -0.0031150563479254573 0.003265081066871062 0.00057942119418044982 0.0022661193951370386 0.0061791380251369141 0.007203005772003529 0.0060468269914404999 -0.0033959912867735954 -0.0063911017332603003
leaf_weight=310 116 101 105 172 472 193 110 155 6579 5240 803 3792 187 100 202 420 127 151 132 6180 1336 1327 2762 927 148 189 184 116 387 158 101 105 1620 150 619 127 254 353 114 155 126
leaf_count=310 116 101 105 172 472 193 110 155 6579 5240 803 3792 187 100 202 420 127 151 132 6180 1336 1327 2762 927 148 189 184 116 387 158 101 105 1620 150 619 127 254 353 114 155 126
internal_value=3.75402e-05 -0.000281336 0.00107117 0.00136599 -0.000807991 -0.000634496 -0.00100155 -0.00291705 -0.000646988 4.39348e-05 0.000205113 -0.000776147 0.000499058 0.00212527 7.64805e-05 0.000567713 0.00424164 0.00448526 -0.00142843 0.00167953 0.000202308 0.000616263 -0.000263721 0.0018156 0.000366508 -0.000573459 -0.00360924 -0.00183421 0.00126139 0.00158702 0.000510061 0.00141754 -0.00354366 -0.000845066 -0.00116042 -0.00200168 0.00417236 0.00579969 0.00310188 -0.00181853 -0.00463521
internal_weight=36905 28204 8701 7783 981 19417 12600 1968 10632 6817 6590 10371 8787 1356 689 5660 667 261 918 6802 7431 5326 3072 2254 809 661 432 300 589 6697 486 6285 1813 2105 1955 930 412 480 230 256 227
internal_count=36905 28204 8701 7783 981 19417 12600 1968 10632 6817 6590 10371 8787 1356 689 5660 667 261 918 6802 7431 5326 3072 2254 809 661 432 300 589 6697 486 6285 1813 2105 1955 930 412 480 230 256 227
is_linear=0
shrinkage=0.05


Tree=8
num_leaves=19
num_cat=0
split_feature=5 6 8 9 16 28 7 4 28 21 17 16 7 17 6 23 25 18
split_gain=2.99579 2.63202 3.08779 2.19149 2.1402 2.29347 2.0167 1.99309 2.63025 2.03739 1.72796 2.32253 1.62616 1.58369 1.52981 1.6637 1.28999 0.377366
threshold=-0.030246335585684455 0.1523217960054222 0.54075490161856921 0.098312651445175661 0.010362421824008141 0.093553601222697916 -0.14763785752873779 0.42211312614478319 0.087969375261234398 3.9431784367580947 0.03347907074219484 0.02940604551475277 -0.20306786759403142 0.0086575549544171491 -0.023707717129180347 -0.0075426149350142904 0.004945179850341686 0.038321668792021479
decision_type=2 2 2 2 2 2 2 2 2 2 2 2 2 2 2 2 2 2
left_child=6 2 3 4 13 -6 12 8 9 16 11 -10 -1 -2 -5 -16 -8 -14
right_child=1 -3 -4 14 5 -7 7 -9 10 -11 -12 -13 17 -15 15 -17 -18 -19
leaf_value=-0.001855092533020619 -0.0021299366857212916 0.0068055155104775628 -0.0080644867848604918 0.0083703633967068796 -0.00030159050960174667 0.00092977009956952354 -0.0012154833359971644 0.0053030631791513702 -0.0020491165797312662 -0.0065697308641473971 0.0030643637926349868 -0.0078057591152230254 0.0038955230238860933 0.0020949175889235453 -0.0018591471090783471 0.003956918747580764 -4.0532734047858438e-05 0.0079291928677412225
leaf_weight=106 246 160 108 118 11235 5700 3011 143 1901 131 145 193 138 2256 180 388 10422 100
leaf_count=106 246 160 108 118 11235 5700 3011 143 1901 131 145 193 138 2256 180 388 10422 100
internal_value=1.39449e-05 0.000417819 0.000367301 0.000412554 0.000314528 0.000112862 -0.000491604 -0.000573316 -0.000626491 -0.000364412 -0.00221418 -0.0025797 0.00329611 0.00167952 0.00319 0.0021138 -0.000303897 0.00559034
internal_weight=36681 20391 20231 20123 19437 16935 16290 15946 15803 13564 2239 2094 344 2502 686 568 13433 238
internal_count=36681 20391 20231 20123 19437 16935 16290 15946 15803 13564 2239 2094 344 2502 686 568 13433 238
is_linear=0
shrinkage=0.05


Tree=9
num_leaves=48
num_cat=0
split_feature=10 25 17 28 17 2 12 25 25 25 24 13 26 17 25 8 10 28 26 9 25 8 11 17 25 8 28 24 28 17 25 8 18 5 26 27 27 11 18 21 24 0 24 3 10 17 27
split_gain=2.84037 3.16804 6.06857 4.74856 3.60551 4.0562 3.43465 3.08561 2.94306 5.40456 4.84092 2.44208 2.38458 4.88329 3.83825 2.76438 2.37632 2.36041 2.34396 2.31262 2.14543 2.01758 1.96936 3.02672 2.90188 2.84035 2.31169 2.06906 1.67838 1.51917 1.3883 1.27619 1.27432 1.20318 1.38987 1.18096 1.13402 1.06252 1.03027 1.02916 1.02759 0.951605 1.72364 1.49891 0.950848 0.93968 0.815271
threshold=-0.15802738956912707 0.005214044796954735 0.016634755815008489 -0.1181265034157558 0.020500429277587866 -0.026794998738622341 28.850481511658867 0.011128874927332008 0.0074130158802792985 0.0088862351580488875 -0.011634034033933647 56.46924921691933 -0.017731818648939742 0.021102639848437615 0.015392746994419938 0.13283838218813251 -0.38103847875912217 0.28717543568984372 0.018770446393748478 -0.045595377988809242 0.0078797089917216519 -0.056506955377332739 0.53871024202962536 0.014370535473025714 0.0077279802722591768 0.43450810840474879 0.57999747592383133 0.013610702268622711 0.0073968597489219032 0.027040254359244131 0.015245545592464797 -0.08557617245297032 0.0218716217408731 -0.11006445666657304 0.023618171313501527 -0.04348117404713308 0.026522734411406072 0.12054958620593605 0.021711750750313192 0.67444658885035558 0.024766677006788477 -0.02022641110831391 0.002542010946896434 0.0069797578355985665 -0.21236164657718679 0.02821131042313306 -0.016863133526127169
decision_type=2 2 2 2 2 2 2 2 2 2 2 2 2 2 2 2 2 2 2 2 2 2 2 2 2 2 2 2 2 2 2 2 2 2 2 2 2 2 2 2 2 2 2 2 2 2 2
left_child=1 2 21 8 20 30 41 -7 31 10 -10 -11 13 14 15 32 -8 39 -18 -14 28 37 23 27 25 -24 -26 -21 -5 -25 -6 40 -2 34 -23 -33 -16 44 -22 -15 -3 42 -4 -43 -1 -19 -35
right_child=12 3 6 4 5 7 16 -9 9 11 -12 -13 19 17 36 -17 18 45 -20 22 38 33 24 29 26 -27 -28 -29 -30 -31 -32 35 -34 46 -36 -37 -38 -39 -40 -41 -42 43 -44 -45 -46 -47 -48
leaf_value=-0.0013907720530097448 -0.0027950236464787431 0.0042856863957066397 -0.0027301471615210175 0.00025964999766396493 0.0023104467139455666 -0.0021044965495304979 -0.01009333899907249 0.0010204493010517171 0.0027612808588481346 0.0036097335705224487 -0.0068049094725714165 -0.0015403094577874036 -0.0043463527809610115 0.008258642691975529 -0.0045219058517832313 -0.0059549643548630314 -0.00291904299537106 0.0012475771279562087 -0.0082996145157881503 0.002075780658271967 -0.000299247704127048 0.0014616028117543853 0.0012149013602233538 -0.00038448848274560244 0.0043785789570160204 -0.0053518190145701973 -0.0023761035908918672 -2.4668249942500002e-06 -0.0026000987617825402 0.0031201268492027957 0.0083994045986743229 -0.0014180060530715208 0.00036355390809372041 0.0004167303159093 0.006736660838871306 0.0045055433356975313 -0.011745105916438547 -0.0049179849161231871 -0.0028893585086414266 0.0030505190267381931 0.0096251600390115655 -0.00077102740808828352 0.0064420992058391371 -0.0069818894566803166 0.0027159334644393037 -0.0054907249736453542 -0.0049595691874016598
leaf_weight=967 457 601 100 2090 1280 1531 201 1632 204 968 376 302 226 121 100 285 857 105 265 3455 466 940 2057 6778 1173 179 142 1833 680 324 101 180 1060 219 144 158 119 181 2180 439 106 510 105 120 165 102 104
leaf_count=967 457 601 100 2090 1280 1531 201 1632 204 968 376 302 226 121 100 285 857 105 265 3455 466 940 2057 6778 1173 179 142 1833 680 324 101 180 1060 219 144 158 119 181 2180 439 106 510 105 120 165 102 104
internal_value=1.76336e-05 -0.000437214 -0.00152211 -2.55345e-05 -0.000543629 0.000494961 -0.00350205 -0.000492131 0.00175693 0.000558759 -0.00344025 0.00238508 0.000443158 -0.000907305 -0.00219643 -0.00143681 -0.00508676 0.00248946 -0.00418986 0.000676045 -0.001415 4.87323e-05 0.000747249 0.00044973 0.00178534 0.000689211 0.00364918 0.00135539 -0.000442382 -0.000224605 0.00275577 0.00387809 -0.000587975 0.00136422 0.00216235 0.00135099 -0.00844684 -0.00136093 -0.0024332 0.00417585 0.00508623 -0.000991192 0.00196783 -0.00195405 -0.00079218 -0.00207275 -0.00131434
internal_weight=36688 17733 4878 12855 9960 4544 2158 3163 2895 1850 580 1270 18955 2788 2021 1802 1323 767 1122 16167 5416 2720 15941 12390 3551 2236 1315 5288 2770 7102 1381 1045 1517 1407 1084 338 219 1313 2646 560 707 835 205 630 1132 207 323
internal_count=36688 17733 4878 12855 9960 4544 2158 3163 2895 1850 580 1270 18955 2788 2021 1802 1323 767 1122 16167 5416 2720 15941 12390 3551 2236 1315 5288 2770 7102 1381 1045 1517 1407 1084 338 219 1313 2646 560 707 835 205 630 1132 207 323
is_linear=0
shrinkage=0.05


Tree=10
num_leaves=41
num_cat=0
split_feature=17 25 18 26 21 25 11 25 17 4 21 11 11 9 25 25 17 9 21 26 13 26 18 9 28 8 23 12 21 8 4 22 24 24 12 28 22 28 13 2
split_gain=2.17869 3.47435 2.90423 3.92389 2.84014 3.09767 2.52812 3.33612 3.72736 2.69864 2.51634 2.84187 2.41676 2.44471 2.12295 2.37961 2.03543 2.03157 1.99565 1.92691 1.85454 1.79968 1.77177 1.92919 2.19696 2.96711 1.66117 1.66021 1.58723 1.47337 1.39329 1.72818 1.12012 0.80574 0.993238 0.844229 0.723335 0.56473 0.542045 0.561684
threshold=0.026862239312607752 0.011128874927332008 0.02194132535286385 -0.022545179881563234 0.58175568986179027 0.0050880154720233757 0.50968533438977437 0.0050880154720233757 0.017928701121960072 -0.2152961962240201 1.4596663974489863 0.55376558683307675 1.2415396553116129 0.0030401067024671273 0.0086293138265780035 0.0060846217192054922 0.01854037926949071 0.0059004885998220633 0.68103561821946534 -0.022545179881563234 37.834112193205478 0.031274409356713669 0.05958515917837922 0.014683446891274878 0.10776829773863546 -0.1243547630419559 -0.021784019371527071 13.157938461754755 0.82423733936809895 0.10388552167911171 -0.032884566609334302 -0.49561484950067475 -0.00047954001490846382 0.026886239099929824 55.965615880198918 0.052404552697001179 -0.44465731365334832 0.036072283395432121 52.837765937167674 -0.040902521754175462
decision_type=2 2 2 2 2 2 2 2 2 2 2 2 2 2 2 2 2 2 2 2 2 2 2 2 2 2 2 2 2 2 2 2 2 2 2 2 2 2 2 2
left_child=2 10 3 36 33 26 7 8 28 32 14 37 13 29 15 20 -11 -7 -17 -16 -2 -15 23 24 25 -3 -6 -10 -4 -8 -25 -32 -9 35 -35 -5 -1 -12 39 -38
right_child=1 22 6 4 5 17 12 9 27 16 11 -13 -14 21 19 18 -18 -19 -20 -21 -22 -23 -24 30 -26 -27 -28 -29 -30 -31 31 -33 -34 34 -36 -37 38 -39 -40 -41
leaf_value=-0.00021564251856661626 0.0025138786549325953 0.0072168547888596356 -0.0025717470065213491 -0.00093772322467850638 -0.0021703169823662654 0.0010604142406067611 0.00081888942704567633 0.0037073109835729979 -0.00082998210046854282 -0.0013032994339239046 -0.0051033012002396089 0.0015140194254536575 -0.0059558348659113167 0.0014146850911074954 0.0013585179278226658 0.0047108687205049023 -7.6505557414477843e-05 -0.0008889884659635457 0.00046512639798675695 -0.0074488838961524143 -0.0038863177673192696 0.0064598164332058247 -0.0023823229429711188 -0.003545074917755164 0.011061662932958946 6.4523555601804261e-05 0.0022600144571220432 -0.0053084916269182476 0.00032314014806261748 -0.0032321857606834865 0.0071452749278084404 0.0011670686450997892 -0.00057737690087970959 -0.0012717715238033482 0.0053453171136789027 -0.0036368793907509845 -0.0031065159888839845 -0.010074995999190308 -0.0015781229623010224 -0.0073650045745663958
leaf_weight=116 172 308 815 1251 224 2973 442 525 261 6234 120 143 131 2101 107 519 7388 2428 593 148 331 193 154 113 129 274 3817 999 1130 456 153 576 215 131 100 377 128 109 107 196
leaf_count=116 172 308 815 1251 224 2973 442 525 261 6234 120 143 131 2101 107 519 7388 2428 593 148 331 193 154 113 129 274 3817 999 1130 456 153 576 215 131 100 377 128 109 107 196
internal_value=-7.59768e-05 0.00103344 -0.000209799 0.000415526 0.000615716 0.00096743 -0.00056446 -0.00080369 -0.00226229 -0.000478192 -0.000260643 -0.00401631 0.000700228 0.000973393 0.000486472 0.0011559 -0.000637938 0.000184067 0.00244673 -0.00375323 -0.00169778 0.00183914 0.00273311 0.00324037 0.00515812 0.00384961 0.00201443 -0.0043808 -0.000889885 -0.00123823 0.00162098 0.00242175 0.00246244 -0.00117066 0.00159277 -0.00156277 -0.00372038 -0.00746974 -0.00466365 -0.00568264
internal_weight=36687 3949 32738 11848 11301 9442 20890 17567 3205 14362 2242 372 3323 3192 1870 1615 13622 5401 1112 255 503 2294 1707 1553 711 582 4041 1260 1945 898 842 729 740 1859 231 1628 547 229 431 324
internal_count=36687 3949 32738 11848 11301 9442 20890 17567 3205 14362 2242 372 3323 3192 1870 1615 13622 5401 1112 255 503 2294 1707 1553 711 582 4041 1260 1945 898 842 729 740 1859 231 1628 547 229 431 324
is_linear=0
shrinkage=0.05


Tree=11
num_leaves=39
num_cat=0
split_feature=10 26 4 18 1 25 9 28 13 10 23 28 11 25 8 8 16 7 25 18 4 28 27 0 25 23 10 9 24 11 8 16 8 12 13 4 11 16
split_gain=2.78129 2.25681 1.99247 2.03104 2.37612 2.63237 2.19588 1.79679 1.83989 1.75263 1.62244 1.54883 1.50179 2.47784 2.38949 1.87367 1.77909 1.46066 1.43227 1.4185 1.37641 1.3553 1.34969 1.31879 1.21022 1.12749 1.11121 1.03531 1.00322 0.931871 0.850157 0.819061 1.14047 0.735551 0.659065 0.609459 0.562527 0.35666
threshold=-0.044491821138891212 -0.015629666392682203 -0.24874715993544463 0.019879577940946996 -0.012989508571075779 0.0048859172583275703 -0.019026687584263732 0.09747396645746588 71.627734765630848 -0.34266706958748638 -0.016692335138659694 -0.25033015728057811 0.48075970991979206 0.0072741374165352394 0.43450810840474879 0.16467814532568639 0.019620110343054848 0.058537815315021453 0.0061048202375807784 0.038556199399280823 0.22261797630223404 0.57999747592383133 -0.025410940097188913 -0.0080905209884867806 0.0077113927165858931 0.00026356792652326716 -0.44820057508535455 0.066012109979934133 -0.022406387561410553 0.012553025268000175 0.16842052760665685 0.024370340786326796 0.1484621225401708 34.719700794776536 40.047458598235771 0.18647641446973043 0.39828844341264397 0.01492208060173132
decision_type=2 2 2 2 2 2 2 2 2 2 2 2 2 2 2 2 2 2 2 2 2 2 2 2 2 2 2 2 2 2 2 2 2 2 2 2 2 2
left_child=2 10 11 7 6 9 26 8 24 -6 30 29 15 14 20 22 27 -10 25 -7 -14 -18 -3 -8 -4 -17 -5 -15 -24 -1 37 32 -12 -13 -31 -9 -20 -2
right_child=1 12 3 4 5 19 23 35 17 -11 31 33 13 16 -16 18 21 -19 36 -21 -22 -23 28 -25 -26 -27 -28 -29 -30 34 -32 -33 -34 -35 -36 -37 -38 -39
leaf_value=-0.0036895002627914605 0.00071816638298332703 -0.0034200314167270639 0.00071891597136005466 -0.0052917622828956802 -0.008758234205850415 -0.00094269822172919908 0.0013128747127889003 -0.0051249523971291545 0.0058272015520237294 -0.0024733234630862776 -0.0020727369764599163 0.0029370672419320922 0.0028817141332977587 -0.0014303718433677775 -0.0064363763025162279 -0.0029259009557229963 0.0061676862349277642 -0.0011105464374956233 -0.0020153698083013294 0.00055086680981943613 -0.00029633333712802024 0.00055353507957269638 -0.0026719576952365016 -9.7667502389183489e-05 -0.0015763266463540136 0.0033682683969732206 -0.00084199177209111028 0.0044706659299564083 0.0015808659409654756 0.0039491789594534718 -0.0026954833930358294 0.00042105425335466865 -0.0077734546521621428 0.0077290964229449408 -0.0010998564718736222 -0.00039247422000615421 -0.0064621282034468923 0.0048178243166478599
leaf_weight=110 100 158 4932 148 122 10296 3220 181 288 1222 190 199 710 198 106 133 645 103 125 1880 655 129 147 3414 650 153 2697 119 2447 151 100 100 163 134 113 109 165 113
leaf_count=110 100 158 4932 148 122 10296 3220 181 288 1222 190 199 710 198 106 133 645 103 125 1880 655 129 147 3414 650 153 2697 119 2447 151 100 100 163 134 113 109 165 113
internal_value=-3.22518e-05 0.000892305 -0.000237592 -0.000300963 -0.00051834 -0.000943883 8.86156e-05 0.000497291 0.000683899 -0.00304383 -0.00166071 0.00238525 0.00122433 0.00213428 0.000795148 0.000523817 0.00393983 0.00399961 -0.0020694 -0.000712089 0.00135672 0.00523199 0.00106658 0.000586979 0.000451645 0.00044126 -0.00107347 0.000784844 0.00133986 0.000176998 0.00110761 -0.00357348 -0.00470508 0.00486539 0.00178804 -0.00334619 -0.00454542 0.0028931
internal_weight=36625 6656 29969 29262 22999 13520 9479 6263 5973 1344 766 707 5890 2562 1471 3328 1091 391 576 12176 1365 774 2752 6634 5582 286 2845 317 2594 374 313 453 353 333 264 290 290 213
internal_count=36625 6656 29969 29262 22999 13520 9479 6263 5973 1344 766 707 5890 2562 1471 3328 1091 391 576 12176 1365 774 2752 6634 5582 286 2845 317 2594 374 313 453 353 333 264 290 290 213
is_linear=0
shrinkage=0.05


Tree=12
num_leaves=35
num_cat=0
split_feature=10 2 17 27 3 17 28 9 21 16 22 6 1 17 16 28 28 28 23 12 12 5 9 16 5 20 23 23 2 10 16 5 2 21
split_gain=2.89401 3.74919 2.44881 2.7522 2.47891 1.90698 2.46085 1.88472 1.82696 1.76548 1.72284 1.57651 1.53863 1.44278 2.24313 4.09422 1.69844 1.42934 1.40242 1.34048 1.26505 1.21084 1.13968 1.22931 1.13859 1.11237 1.10315 0.9822 0.980281 1.56734 0.897377 0.818952 0.805084 0.591494
threshold=-0.073654986161688793 -0.031035925792126492 0.020855372681305336 -0.12018355785262984 0.030263678985568591 0.024119789496399358 0.57999747592383133 -0.081738450076434363 3.9431784367580947 0.016855114940490832 -0.49017569269413347 0.1523217960054222 0.037491329296571958 0.014743622240044021 0.017199142322273858 0.014480797142268466 0.10991814662209833 0.26918927813748827 -0.011559096309712689 99.999999992831519 98.590208316165374 0.85984870540717528 0.066012109979934133 0.024526867526191282 -0.12911903526742244 -0.0070321592614729913 -0.0039686453267468993 0.0098300158706726721 0.095484123925609801 -1.0000000180025095e-35 0.020951880076925895 -0.041903703192686707 0.057502884752961732 1.1455264030491799
decision_type=2 2 2 2 2 2 2 2 2 2 2 2 2 2 2 2 2 2 2 2 2 2 2 2 2 2 2 2 2 2 2 2 2 2
left_child=1 2 7 18 25 17 10 -1 13 26 -7 12 -12 16 15 -15 20 19 -4 22 -3 -16 23 -2 -6 -5 -9 -11 29 30 -19 -20 -24 -8
right_child=5 8 3 4 24 6 33 9 -10 27 11 -13 -14 14 21 -17 -18 28 31 -21 -22 -23 32 -25 -26 -27 -28 -29 -30 -31 -32 -33 -34 -35
leaf_value=0.0053033113534735159 0.00074577638017155924 0.00040531806258815915 0.0029211410999732453 0.0054537547700251538 -0.0045540980349020382 0.0077713805170141221 -0.0053129369736585807 -0.00014619692391907741 -0.0059071560537429634 -0.0008456586711432317 0.0037519608165611736 0.007838943459820457 -0.0001879342374704871 -0.0005545289422965678 -0.00026917009290077968 -0.0035414399917234676 -0.0056795769390021646 0.00012580518366751047 -0.00069103137556291924 -0.0037311715780171135 -0.0041964347654758569 -0.0057525023694752772 0.0020535526719739597 -0.0026689262348547987 0.0010057741542291527 0.0025963805661189136 0.0017211403266538161 -0.0040578152360579807 0.0024261239084415139 -0.0072131578465122227 -0.0049078843397144072 -0.0056628477886308927 0.0069398518136250253 7.4950370823367031e-06
leaf_weight=165 6924 4945 119 432 151 180 103 2003 162 1768 510 123 482 2971 7773 1869 123 364 152 168 154 102 445 274 236 1610 1307 275 125 134 117 182 104 106
leaf_count=165 6924 4945 119 432 151 180 103 2003 162 1768 510 123 482 2971 7773 1869 123 364 152 168 154 102 445 274 236 1610 1307 275 125 134 117 182 104 106
internal_value=5.90479e-05 -0.000216024 0.00065697 0.00183825 0.00250551 0.000776553 0.00241989 4.00001e-05 -0.000621193 -0.000122235 0.0032324 0.00249965 0.00183762 -0.000573452 -0.000860831 -0.00170795 0.000126285 0.000490986 -0.00173965 0.000687455 0.000266336 -0.000340192 0.000783277 0.000615792 -0.00116358 0.00320088 0.000591147 -0.00127803 -0.00161044 -0.00243088 -0.00109861 -0.00340022 0.00297919 -0.00261454
internal_weight=36658 26499 8400 2882 2429 10159 1504 5518 18099 5353 1295 1115 992 17937 12715 4840 5222 8655 453 7915 5099 7875 7747 7198 387 2042 3310 2043 740 615 481 334 549 209
internal_count=36658 26499 8400 2882 2429 10159 1504 5518 18099 5353 1295 1115 992 17937 12715 4840 5222 8655 453 7915 5099 7875 7747 7198 387 2042 3310 2043 740 615 481 334 549 209
is_linear=0
shrinkage=0.05


Tree=13
num_leaves=34
num_cat=0
split_feature=5 9 8 11 26 16 17 25 16 9 3 4 26 21 25 17 11 25 25 25 26 17 6 16 17 25 26 17 17 23 16 27 4
split_gain=2.15544 3.16902 2.81654 2.56798 2.4769 2.06737 2.47377 2.30327 2.09054 2.00981 2.00862 1.88621 2.36078 1.6651 1.53476 1.53327 2.41562 2.2653 2.31511 1.90224 1.87815 1.9228 1.51256 1.27197 1.15177 1.05645 1.0188 0.911284 0.875835 0.734241 0.709653 0.564485 0.487418
threshold=0.19043130914843201 -0.037352054942471673 0.024579814295962125 0.81131090364945513 0.0070679059707668976 0.011260826517259579 0.031296941314344733 0.011492206662144244 0.038808579293687008 0.042392437760854225 -0.15263553893572848 -0.22270633575449486 -0.079329485453312518 0.55581469797369321 0.0090075664464249004 0.024966645760863344 1.2415396553116129 0.013594040154967823 0.012873976042927598 0.0074475340182986677 -0.017731818648939742 0.022251353773162875 -0.028974121918692582 0.033313867058767994 0.016140499661782017 0.0051609280826287974 0.0020689299221997586 0.0088414174956070683 0.011004555877478553 0.00015344020716179244 0.020489252272198777 -0.048439313022060164 -0.039147468396378553
decision_type=2 2 2 2 2 2 2 2 2 2 2 2 2 2 2 2 2 2 2 2 2 2 2 2 2 2 2 2 2 2 2 2 2
left_child=3 2 4 5 10 13 11 9 -9 -8 -2 24 -13 25 27 16 20 18 19 -17 21 -3 -22 -19 -7 28 32 -15 -1 -16 -12 -27 -4
right_child=1 15 26 -5 -6 6 7 8 -10 -11 30 12 -14 14 29 17 -18 23 -20 -21 22 -23 -24 -25 -26 31 -28 -29 -30 -31 -32 -33 -34
leaf_value=0.00059533569599605268 0.0073809923184204058 -0.0017899942649311177 -0.010609571647364646 -0.0063875360667193029 -0.0059392994618171768 -0.0020370948377545855 -0.0019991900802142021 0.0081815273650266002 0.000210675617115787 0.0036911238042648623 -0.0037135578295488334 -0.00442251465037249 -0.00054832271706553039 -0.0008660568629201851 -0.0061175366446730639 -0.00017645834176575098 -0.006815588646740825 0.01038030786974142 -0.0037323386472353083 0.0036216786470659196 0.0034963044544373345 0.003510756275227771 0.00084456586982758423 0.0029480278120299274 0.0027228781622010696 0.0035922566164607326 -0.0020204977302482009 0.001463933660794837 -0.0046673904288702219 -0.00017587616598884604 0.0011117608432926072 -0.00081788954846463951 -0.0056728814090602105
leaf_weight=108 112 1088 100 169 145 157 394 224 130 256 106 401 20261 469 105 515 108 122 182 916 621 203 4012 109 667 104 103 3988 295 103 271 240 100
leaf_count=108 112 1088 100 169 145 157 394 224 130 256 106 401 20261 469 105 515 108 122 182 916 621 203 4012 109 667 104 103 3988 295 103 271 240 100
internal_value=-2.85252e-05 0.000653635 -0.00209523 -0.000242692 -0.000200122 -0.000205473 -0.000416601 0.00200926 0.00525438 0.000241918 0.00150168 -0.000529957 -0.000623512 0.000671886 0.00102284 0.000980665 0.000594942 0.00224242 0.00157923 0.00225477 0.000730043 -0.000956491 0.0012 0.0068733 0.00181594 -0.00151979 -0.00606058 0.00121875 -0.00325703 -0.00317527 -0.00024496 0.00051541 -0.00814123
internal_weight=36884 8813 937 28071 634 27902 22490 1004 354 650 489 21486 20662 5412 4665 7876 6032 1844 1613 1431 5924 1291 4633 231 824 747 303 4457 403 208 377 344 200
internal_count=36884 8813 937 28071 634 27902 22490 1004 354 650 489 21486 20662 5412 4665 7876 6032 1844 1613 1431 5924 1291 4633 231 824 747 303 4457 403 208 377 344 200
is_linear=0
shrinkage=0.05


Tree=14
num_leaves=40
num_cat=0
split_feature=5 8 10 9 25 2 8 16 4 8 16 13 16 5 13 11 27 18 28 25 18 18 10 9 28 27 10 5 9 18 1 21 5 25 18 13 8 27 10
split_gain=2.97895 2.54803 3.01349 2.46796 2.31401 2.4423 2.30187 2.29912 2.18921 2.15869 1.68655 1.92332 1.65206 1.6151 1.51664 1.43428 2.04522 1.51804 1.99318 1.84728 1.51795 1.48541 1.33424 1.19262 1.5286 1.1196 1.08987 1.02307 0.91378 1.34433 1.21889 0.91032 0.868765 0.848507 0.641684 0.628434 0.414875 0.411569 0.299367
threshold=-0.076517604114040336 -0.12251880124663904 -0.15160666478936183 0.061760004024620126 0.0050255865313276723 0.15503856792923701 0.038005098091262964 0.028841559397054701 -0.22270633575449486 -0.003869464127386701 0.0095782245484773761 69.550510635294572 0.037595208567998813 0.6779836545417901 45.02191626934863 0.0079007684095282488 -0.090368248011580429 0.01923339753767225 0.059736997118354958 0.0050255865313276723 0.028267084617695584 0.027666190247734635 -0.17001813858734879 -0.0089723655500690263 -0.022092935447778791 -0.1023209943424878 -0.10124719885292109 -0.24920202604757022 -0.12876394278765693 0.029262044476062916 -0.030126546982615184 0.95700625423179586 -0.21405793519013741 0.005989998610355333 0.037085213321827189 26.51486996191451 -0.16570130191982055 -0.058912070371355756 -0.30684930255001813
decision_type=2 2 2 2 2 2 2 2 2 2 2 2 2 2 2 2 2 2 2 2 2 2 2 2 2 2 2 2 2 2 2 2 2 2 2 2 2 2 2
left_child=8 7 3 6 10 13 12 23 28 -5 26 -12 -3 -6 -9 21 20 18 -18 -19 33 27 -8 24 25 -2 -4 -10 -1 37 35 -32 -22 -17 -7 -31 -29 -30 -25
right_child=1 2 4 9 5 34 22 14 15 -11 11 -13 -14 -15 -16 16 17 19 -20 -21 32 -23 -24 38 -26 -27 -28 36 29 30 31 -33 -34 -35 -36 -37 -38 -39 -40
leaf_value=-0.0023644114302680177 0.0043032045644765936 -0.00059406881431791139 0.0076644977506537251 -0.0023371191776592726 -8.5915237835775454e-05 0.0010233622999855309 -0.0061788422505232145 0.0097368051176789996 0.002795647943852566 0.0066610677376845659 0.00044530486314749135 0.0036457329626818726 -0.0069667878142074466 0.0023384066442809315 0.0020075931529314303 -0.0023424842895351096 0.00076650456635417796 -0.0024854148225425393 -0.003960571554958851 -0.0007351906817101646 0.0014928939697497032 -0.0067225631612997791 -0.00093934685932810138 0.0029599597587366589 -0.0051234643527291778 0.0002202908919898074 0.0027498903652217678 -0.0002755324960823848 -0.0030798804798707513 0.0037855775662816119 0.0099716339859988474 0.0038753236354386899 0.0070497611498319393 0.003033469691872597 0.0056531800224584152 -0.001465660733839076 -0.0039886067566626219 0.0014452268532186281 0.0068192647477279952
leaf_weight=107 233 4596 133 101 11414 107 328 156 106 196 2618 572 104 731 107 189 2212 1923 248 6979 119 195 193 100 102 601 743 110 101 126 106 145 172 120 249 104 238 100 101
leaf_count=107 233 4596 133 101 11414 107 328 156 106 196 2618 572 104 731 107 189 2212 1923 248 6979 119 195 193 100 102 601 743 110 101 126 106 145 172 120 249 104 238 100 101
internal_value=-2.86992e-05 0.000310718 0.000179591 -0.000832425 0.000516665 0.000179656 -0.00108463 0.00237925 -0.000623566 0.00360108 0.00155281 0.00101917 -0.000735082 6.00032e-05 0.00659222 -0.000783421 -0.000659218 -0.000809458 0.000289954 -0.00111327 0.00218583 -0.00307266 -0.00423792 0.00140474 0.000654325 0.00136096 0.00349606 -0.00150497 0.00193147 0.00260546 0.00404048 0.00644986 0.00477737 -0.000254735 0.00426163 0.0014111 -0.00281493 -0.000828583 0.00489921
internal_weight=36885 23485 22085 5518 16567 12501 5221 1400 13400 297 4066 3190 4700 12145 263 12611 11962 11362 2460 8902 600 649 521 1137 936 834 876 454 789 682 481 251 291 309 356 230 348 201 201
internal_count=36885 23485 22085 5518 16567 12501 5221 1400 13400 297 4066 3190 4700 12145 263 12611 11962 11362 2460 8902 600 649 521 1137 936 834 876 454 789 682 481 251 291 309 356 230 348 201 201
is_linear=0
shrinkage=0.05


Tree=15
num_leaves=36
num_cat=0
split_feature=5 8 27 17 25 25 17 5 13 17 25 28 26 21 17 9 25 9 7 21 25 18 0 19 27 18 25 25 5 9 27 13 4 9 5
split_gain=2.61182 2.06325 2.87466 2.52693 2.25178 1.79735 1.97829 2.48005 1.74346 1.63827 4.88581 3.02964 1.55059 1.29024 1.23317 2.29706 1.87733 1.89461 2.10282 1.47352 2.17431 1.2023 1.15243 1.13502 1.13118 1.34848 1.10918 1.09663 1.05711 1.04744 1.03231 1.13246 0.839644 0.737622 0.712384
threshold=-0.071865367191366811 -0.12251880124663904 -0.11215668785907006 0.019106137178478155 0.0056159782076408487 0.0050084456750764377 0.017928701121960072 0.4714031897667384 69.550510635294572 0.021102639848437615 0.011128874927332008 -0.028868912937642818 0.030196009272687844 3.9431784367580947 0.027040254359244131 0.075387100541424293 0.011562168614225867 0.048858292622704476 -0.039702235872836826 0.39767377348248006 0.0054958278103563211 0.027970046720084133 0.0056388621207034148 0.23883308258803884 -0.1023209943424878 0.024021470077833718 0.0082620569287899185 0.0052657798800763512 -0.19341892663086843 0.08796636420531069 -0.014348186483470969 33.390487917613314 -0.17765915285188469 0.0070558054399867407 0.066071086453512687
decision_type=2 2 2 2 2 2 2 2 2 2 2 2 2 2 2 2 2 2 2 2 2 2 2 2 2 2 2 2 2 2 2 2 2 2 2
left_child=13 3 12 24 -5 6 8 -8 -4 10 -7 -11 21 14 15 19 17 18 -16 20 -1 -3 29 -21 -2 -26 -19 -23 33 -17 31 -6 -27 -18 -32
right_child=1 2 5 4 30 9 7 -9 -10 11 -12 -13 -14 -15 16 22 28 26 -20 23 -22 27 -24 -25 25 32 -28 -29 -30 -31 34 -33 -34 -35 -36
leaf_value=-0.0050242006068172704 0.0037567411747295408 -0.00077413174868744023 0.0012903230429108692 -0.0020156751918762815 0.0035197142421858722 0.00026143891645653611 -0.0019083579262274633 0.0035517854740563441 0.0043559681629932066 -0.0016367998960366084 -0.0022724489914911815 0.0013220201660539745 0.0021741390544989642 -0.0047986312547105957 0.0019102492891188252 -0.0058453264859331363 0.0042762385896639903 0.0073382528299562981 -0.0043756315822449168 0.00042162748801500156 0.00040389666931226598 -0.010293563331371141 -0.0088682685062979414 -0.00069466469651448422 0.0031984243148630398 -3.9786111276420155e-05 0.00036792200758100084 -0.0040965613996224838 0.0078245552489534017 0.0010730487399497161 0.004825045566768691 0.0082315192009299147 -0.0054171399957471597 -0.0011647465408268366 -0.0010447142878547311
leaf_weight=425 120 137 2796 137 227 8749 873 273 556 1069 2431 4537 102 176 219 118 160 103 339 3169 326 114 112 8091 103 116 128 191 120 102 107 291 194 102 100
leaf_count=425 120 137 2796 137 227 8749 873 273 556 1069 2431 4537 102 176 219 118 160 103 339 3169 326 114 112 8091 103 116 128 191 120 102 107 291 194 102 100
internal_value=2.58049e-06 0.0003255 0.000206357 0.00218976 0.00386312 0.000298091 0.00118571 -0.000607643 0.00179883 6.0245e-05 -0.000289534 0.000757807 -0.00338273 -0.000545203 -0.000489809 -0.000636924 0.00106087 -0.000332143 -0.00190859 -0.000523521 -0.00266793 -0.00466508 -0.00473959 -0.000380497 -0.000516499 -0.00175812 0.00347591 -0.00641282 0.00393806 -0.00263772 0.00497401 0.00616669 -0.00340497 0.00215799 0.00198941
internal_weight=36913 23223 21828 1395 862 21284 4498 1146 3352 16786 11180 5606 544 13690 13514 12343 1171 789 558 12011 751 442 332 11260 533 413 231 305 382 220 725 518 310 262 207
internal_count=36913 23223 21828 1395 862 21284 4498 1146 3352 16786 11180 5606 544 13690 13514 12343 1171 789 558 12011 751 442 332 11260 533 413 231 305 382 220 725 518 310 262 207
is_linear=0
shrinkage=0.05


Tree=16
num_leaves=19
num_cat=0
split_feature=5 6 8 18 16 28 21 25 28 8 25 11 8 26 5 2 16 16
split_gain=2.55682 2.32169 2.51924 2.14668 2.08675 1.84857 2.02246 1.79233 1.6973 1.72023 2.25662 1.63572 2.12424 1.47769 1.45742 1.35628 1.20966 1.12086
threshold=-0.076517604114040336 0.18385325440162251 0.54075490161856921 0.041847010721079249 0.010362421824008141 0.28717543568984372 3.9431784367580947 0.0050255865313276723 0.084584753947734362 -0.25991770615279158 0.011342996220503892 0.13523911087512244 0.31180307107340349 0.026159096267537988 0.38454995236307193 0.11801886576124777 0.028074936918656469 0.028841559397054701
decision_type=2 2 2 2 2 2 2 2 2 2 2 2 2 2 2 2 2 2
left_child=5 2 3 4 7 6 8 -2 9 10 -1 16 -13 -11 -6 17 -5 -10
right_child=1 -3 -4 11 14 -7 -8 -9 15 13 -12 12 -14 -15 -16 -17 -18 -19
leaf_value=4.9053139614167388e-05 0.0028636908031205426 0.0077762500555919756 -0.0072242775095880717 0.0024259075281134624 -0.00016253655520354033 0.0045547728209620287 -0.0059454625415901055 0.00038634471225574256 -0.0020190461827389447 -0.00070655655581768452 0.0065204068385877837 0.00067993124156756493 0.0058407934454198073 0.00079771603134953318 0.0010865911410874475 0.0022669045043628411 0.0097123232720470118 -0.0066844033680751288
leaf_weight=379 1278 105 110 117 15737 178 173 1703 1379 8808 209 1348 234 2004 2742 169 111 142
leaf_count=379 1278 105 110 117 15737 178 173 1703 1379 8808 209 1348 234 2004 2742 169 111 142
internal_value=4.319e-05 0.000357946 0.00032463 0.000360315 0.000220845 -0.000506773 -0.000574702 0.00144842 -0.000503721 -0.000284506 0.00234925 0.00201392 0.0014433 -0.00042774 2.28148e-05 -0.00198245 0.00597324 -0.0024546
internal_weight=36926 23485 23380 23270 21460 13441 13263 2981 13090 11400 588 1810 1582 10812 18479 1690 228 1521
internal_count=36926 23485 23380 23270 21460 13441 13263 2981 13090 11400 588 1810 1582 10812 18479 1690 228 1521
is_linear=0
shrinkage=0.05


Tree=17
num_leaves=47
num_cat=0
split_feature=19 5 28 26 25 5 26 17 3 28 5 2 25 2 17 17 4 11 3 17 11 21 25 1 22 28 12 22 28 2 28 17 22 4 26 13 21 8 1 25 17 4 3 4 22 3
split_gain=1.56709 1.42386 1.79761 2.20155 1.48349 1.74164 1.30318 2.10288 1.19025 1.25259 1.13474 1.10836 1.48843 1.02316 2.67629 1.07414 0.984463 0.983016 1.22205 0.976569 0.90884 0.905492 1.16372 1.17591 1.05593 0.900311 0.852687 0.826462 0.787163 0.744329 0.727086 0.716889 0.69476 0.798391 0.780527 0.6756 0.640507 0.581903 0.537797 0.535906 0.489794 0.453748 0.445517 0.400601 0.27678 0.245427
threshold=0.21667984206554525 -0.20538224787243645 -0.026524410331914657 0.023063598043151504 0.0066179295734284061 -0.22387300546177788 -0.079329485453312518 0.020500429277587866 -0.095959778934523052 -0.088499609237086316 -0.44791099288842856 0.15503856792923701 0.0079381876090664528 -0.032216309651825696 0.019106137178478155 0.014370535473025714 0.13673032310716507 0.34475025041103186 0.040777176221576845 0.023669308816095809 0.84886164117725926 0.68103561821946534 0.0049201533011934912 -0.05219956379761586 -0.70627613719154991 0.059736997118354958 31.69470938571185 -0.89849946148499837 -0.10853788527302737 0.057502884752961732 0.09747396645746588 0.014807383086597488 -0.62830429538035559 -0.16158694635432971 -0.0022699419953178808 66.523361301381769 0.3792167739795716 0.13283838218813251 -0.015106839594097142 0.014915806326349257 0.018403789957520404 -0.24874715993544463 0.079054795785172174 0.39390118888309694 -0.10852625209700793 0.0013232682301708156
decision_type=2 2 2 2 2 2 2 2 2 2 2 2 2 2 2 2 2 2 2 2 2 2 2 2 2 2 2 2 2 2 2 2 2 2 2 2 2 2 2 2 2 2 2 2 2 2
left_child=16 2 3 8 5 26 7 39 41 -10 -6 13 -13 14 -8 -15 21 18 40 28 29 22 31 -24 -25 -9 -4 38 -5 37 -14 -1 34 -34 -29 -12 -33 -19 -23 -3 -18 -2 -20 -22 -31 -40
right_child=1 6 4 19 10 -7 11 25 9 -11 35 12 30 15 -16 -17 17 20 42 -21 43 27 23 24 -26 -27 -28 32 -30 44 -32 36 33 -35 -36 -37 -38 -39 45 -41 -42 -43 -44 -45 -46 -47
leaf_value=1.123129876895233e-05 0.0042871065944763689 -0.0032222110284677408 -0.0021169874788347196 0.0070921099097227104 0.0038082634324765469 0.00052019903877018286 -0.00041544984927779026 0.0046934483945369719 -0.0026937383624226841 5.6319936443750147e-05 -0.00029581264981643222 -0.0023870462576981435 0.00092373234891850403 0.00035253169397744214 0.0020154113307972467 -0.00047812212918640689 -0.00047708343379922863 -0.00010945863525444521 -0.0051237248823756062 -0.00060967057248085947 0.0015825800189001411 -0.0048326059269020337 0.0040947857909400523 0.0016076716341351543 -0.0011659873451229828 -0.0018616566750411453 -0.0061411612317276831 0.0048008201019391506 0.002222238791330607 0.0040709243862536446 0.0053848136136366524 -0.0007551078554400701 0.0023372117051815924 0.00037515052114408805 0.00088599254179872193 -0.0033921913360049545 -0.0052302388178612734 0.0033383591348655102 0.0013323740505923828 -0.0075009467223705068 0.0039434634589997587 0.00034286777112675084 -0.00078971177646785249 -0.0024785749729545345 0.0075799502961555456 -0.0020781775299494841
leaf_weight=188 124 151 183 145 114 182 2650 100 914 757 433 129 142 5735 1977 12110 103 167 107 144 144 100 169 501 1089 110 469 224 194 116 256 118 600 3816 295 297 248 458 105 142 160 177 133 105 109 106
leaf_count=188 124 151 183 145 114 182 2650 100 914 757 433 129 142 5735 1977 12110 103 167 107 144 144 100 169 501 1089 110 469 224 194 116 256 118 600 3816 295 297 248 458 105 142 160 177 133 105 109 106
internal_value=-3.91462e-06 -0.000191785 -0.00104763 -0.00018553 -0.00230892 -0.00380448 -4.12789e-05 -0.0025589 -0.000926549 -0.0014479 -0.000831073 1.37828e-05 0.00228037 -3.93718e-05 0.000623196 -0.000211168 0.000562813 0.00168871 -0.000142059 0.00283991 0.00252663 0.000324198 -0.000499952 0.00012945 -0.000292023 0.00125982 -0.00501168 0.000687572 0.00430522 0.00330486 0.00379317 -0.00249836 0.000845117 0.000641735 0.00257563 -0.00155557 -0.00378744 0.0024171 -0.00181237 -0.00529586 0.00221222 0.00196774 -0.00272196 -0.000129955 0.00577085 -0.000380984
internal_weight=36796 27635 4133 2455 1678 834 23502 503 1972 1671 844 22999 527 22472 4627 17845 9161 1602 503 483 1099 7559 2313 1759 1590 210 652 5246 339 850 398 554 4935 4416 519 730 366 625 311 293 263 301 240 249 225 211
internal_count=36796 27635 4133 2455 1678 834 23502 503 1972 1671 844 22999 527 22472 4627 17845 9161 1602 503 483 1099 7559 2313 1759 1590 210 652 5246 339 850 398 554 4935 4416 519 730 366 625 311 293 263 301 240 249 225 211
is_linear=0
shrinkage=0.05


Tree=18
num_leaves=48
num_cat=0
split_feature=10 2 26 26 26 28 11 11 26 27 13 10 4 11 23 21 11 14 5 24 25 27 5 18 24 5 10 11 18 25 8 27 25 25 28 25 5 13 28 25 22 25 25 11 1 11 22
split_gain=1.98642 2.69363 2.19923 2.62827 2.09547 2.81842 1.9413 1.9316 1.79335 1.72527 1.81015 1.5594 1.61436 1.76823 1.54268 1.53592 1.50809 1.47741 1.38203 1.31483 1.29938 1.27065 1.25388 1.24941 1.15823 1.14766 2.11163 1.13587 1.48154 1.62091 1.40596 1.67964 1.3588 2.76484 1.25788 1.28367 1.23604 1.23001 1.20098 1.18934 1.09305 1.08867 1.13801 1.07532 1.0623 1.05315 1.05048
threshold=-0.072488693003225343 -0.024576513289408016 0.03071313802823428 -0.017731818648939742 0.021985055401230639 -0.067961807756985945 0.14889355775924099 0.55376558683307675 0.036544750345338224 -0.033960035128952896 72.309301818869613 -0.15322353630907201 0.27203467126896658 0.70993739049286064 -0.016692335138659694 0.4506565137757142 1.3443067070371018 -0.53156324793662324 0.098787499786191182 -0.022321846425455035 0.0053576291054475448 0.14824864159551235 0.04460245710854472 0.028067782397560418 -0.0016816147177216576 0.14997034567150594 -0.032389902137036401 0.063947618514541241 0.038321668792021479 0.013206918915481902 -0.10515453642052068 -0.11215668785907006 0.0074475340182986677 0.0051599041929183435 -0.14149615871799345 0.0054057245478342326 -0.20815756231493174 28.940253639738597 -0.15936511136950735 0.0050880154720233757 0.041368926338032429 0.0056159782076408487 0.0078569245825212894 0.45743833835599162 0.030073051346024119 0.33880202625710093 -0.054765205338721548
decision_type=2 2 2 2 2 2 2 2 2 2 2 2 2 2 2 2 2 2 2 2 2 2 2 2 2 2 2 2 2 2 2 2 2 2 2 2 2 2 2 2 2 2 2 2 2 2 2
left_child=1 27 3 14 11 6 22 25 -9 23 16 12 13 -3 17 24 -11 -2 46 -12 -8 -17 -6 -5 -13 26 -4 28 32 40 34 39 33 -1 37 -36 -34 -29 -33 -32 -30 -16 -43 -20 -28 -19 -7
right_child=2 4 7 9 5 18 20 8 -10 10 19 15 -14 -15 41 21 -18 45 43 -21 -22 -23 -24 -25 -26 -27 44 30 29 -31 31 38 36 -35 35 -37 -38 -39 -40 -41 -42 42 -44 -45 -46 -47 -48
leaf_value=-0.0016775455031180391 -0.0038942850452953928 -0.0013906102939701128 -0.0041330014751292761 0.0027771825910781322 0.0027116486893662968 -0.00029506181681076611 -0.0036597271191163199 -0.0025039247496694817 0.0054911379045171835 0.00043275914262097358 -0.0031061661287857382 -0.00027908209372650496 0.0047922481852415684 -0.0080186308149303148 0.0012741869648120233 -0.00016637530591087697 0.0061954587641782286 0.0047217689320663272 0.0031444057254102712 0.0027108581650509755 0.001206934837732115 0.0040024808382440828 0.0084637744419215205 0.00904996103022759 -0.0072259925189428033 -0.0044889712064830854 0.0064978119474605163 0.0089139366663303701 -0.0019987521038354679 0.0072997223203336561 -0.0063162421626918076 -0.0031977514554606991 -0.0053556552964153809 0.0030920278166363005 -0.0033527032158819445 0.0020611640626277765 -0.001287136225999615 0.0027802375760074939 0.00083001890957400517 -0.00066569187753172843 0.0044139233887905164 -0.0064254380288831375 -0.0016968018498886848 -0.0013764009123022234 -0.0006846251378634146 -0.00038448694099603995 -0.0023004241748817789
leaf_weight=739 136 7470 230 358 892 1714 189 122 165 5334 103 110 104 102 119 3807 116 199 388 1708 500 192 106 102 132 426 101 119 181 119 143 192 231 516 129 724 973 261 5131 267 105 252 257 199 105 205 1055
leaf_count=739 136 7470 230 358 892 1714 189 122 165 5334 103 110 104 102 119 3807 116 199 388 1708 500 192 106 102 132 426 101 119 181 119 143 192 231 516 129 724 973 261 5131 267 105 252 257 199 105 205 1055
internal_value=-1.76018e-06 -0.000226538 0.000598141 0.000864223 -0.000608233 0.000246118 0.0019133 -0.00146035 0.00209254 0.00119862 0.0010105 -0.000969775 -0.00139491 -0.00147989 -0.00134629 -0.000200293 0.000555415 0.000613314 -0.000591942 0.00238002 -0.000128042 3.37798e-05 0.0033226 0.0041681 -0.00406831 -0.00264327 -0.000839901 0.000432012 -0.000406217 0.00239594 0.000776641 0.000447217 -0.000867735 0.00028349 0.00230834 0.00124242 -0.00206772 0.00470105 0.000684738 -0.00263649 0.000355552 -0.00303131 -0.00403789 0.0016118 0.00283686 0.00213072 -0.00105911
internal_weight=36828 26790 10038 8889 16960 5043 1687 1149 287 7721 7261 11917 7676 7572 1168 4241 5450 540 3356 1811 689 3999 998 460 242 862 436 9830 2864 405 6966 5733 2459 1255 1233 853 1204 380 5323 410 286 628 509 587 206 404 2769
internal_count=36828 26790 10038 8889 16960 5043 1687 1149 287 7721 7261 11917 7676 7572 1168 4241 5450 540 3356 1811 689 3999 998 460 242 862 436 9830 2864 405 6966 5733 2459 1255 1233 853 1204 380 5323 410 286 628 509 587 206 404 2769
is_linear=0
shrinkage=0.05


Tree=19
num_leaves=48
num_cat=0
split_feature=10 2 17 25 11 25 27 13 17 25 8 11 11 25 17 1 13 7 27 25 13 17 17 25 28 1 25 24 5 5 27 25 28 25 18 27 21 13 25 13 21 4 18 23 24 8 22
split_gain=2.12332 1.96717 2.21109 4.03815 3.22426 2.22229 1.91001 2.10558 1.46131 2.39639 1.90802 1.66785 2.26988 1.60552 1.40808 1.79457 1.38158 1.45728 1.34841 1.32814 1.4585 1.54459 1.43299 2.41738 2.35926 1.85109 1.64896 1.67626 1.55599 1.16179 1.16034 1.11848 1.10292 1.39414 1.13686 1.08241 1.07107 1.02787 1.00098 0.974058 0.950541 0.883812 0.868165 0.845104 0.841086 0.822363 0.806893
threshold=-0.056311391027243245 -0.032216309651825696 0.020711958791580151 0.005152515399627266 0.52447955073831243 0.0072741374165352394 -0.14800442586836518 44.145454898761706 0.014743622240044021 0.0050880154720233757 -0.25991770615279158 0.50202419457690917 0.41564907047519833 0.011018240823565039 0.016521676242449466 -0.034137064417947942 69.825908399429821 0.065433316357363283 0.074462717340020426 0.0050255865313276723 41.490006525698234 0.021975871962923253 0.021102639848437615 0.0078797089917216519 0.26918927813748827 0.041421920093643656 0.011492206662144244 -0.00083910237826229073 0.7984130869989734 0.36741792759491604 -0.019482489062811578 0.013039107293575726 0.034795619404315865 0.005214044796954735 0.025418890189802191 0.021317062901120402 0.56472595934540604 74.490561712362862 0.010016533032084024 58.407493098434223 0.73549433924216057 0.066783060366701577 0.024207673186230867 0.00026356792652326716 0.002936740028615104 0.29916405667028828 0.58054885690900804
decision_type=2 2 2 2 2 2 2 2 2 2 2 2 2 2 2 2 2 2 2 2 2 2 2 2 2 2 2 2 2 2 2 2 2 2 2 2 2 2 2 2 2 2 2 2 2 2 2
left_child=1 2 5 4 -4 32 44 -8 13 11 38 12 -10 16 15 -7 36 -18 -13 20 -2 29 24 25 26 40 27 -21 41 43 -15 -28 33 -1 -34 -12 -3 -27 -11 -31 -24 -25 -32 -22 -5 -26 -16
right_child=19 8 3 6 -6 14 7 -9 9 10 35 18 -14 30 46 -17 17 -19 -20 22 21 -23 23 28 45 37 31 -29 -30 39 42 -33 34 -35 -36 -37 -38 -39 -40 -41 -42 -43 -44 -45 -46 -47 -48
leaf_value=0.00018261632613026814 0.006332616812555281 -0.0016882243448197273 -0.0052039005544776973 0.0014058954525027285 0.0027172786214351842 -0.0048355832973558006 0.0038095178320643993 0.0004667013592378899 -0.002339363881731366 0.00024512832123224458 -0.00015568050076760311 -0.0010257339812010725 -0.0083306432593879959 0.00040530790955328001 -0.00083875033959041946 -0.00072194753831020904 0.00431993317018157 -0.0022825837682247303 0.0056757451981538911 -0.00099966657860214923 0.00014929537638997125 -0.0031884489814166003 0.0036934622144693648 -0.0021362930069153663 -0.0059974653661691978 -0.0056700311864775503 -0.0061076825853344958 0.0013872810633211339 0.0082441686205565936 0.0016305351372769413 -0.0063557726117364245 -0.00090005578401756699 -0.0035971659845917634 0.0024512400221344288 0.0011631612119523587 -0.0011303973811393447 0.00045761629422625484 0.00039851132691616107 0.0062199930009090264 0.007274138474475559 -0.0010466233340765136 0.0028330876535106013 -0.00073785128210707065 0.0025112707881858065 -0.004584781741496808 -0.00081339223961083163 0.0024094507541645976
leaf_weight=1833 162 672 356 106 201 511 1581 671 1636 126 6558 301 175 205 1007 551 395 106 100 1126 809 168 222 100 221 208 154 2121 125 144 203 312 285 1074 224 5035 4319 105 158 163 202 850 104 712 131 117 236
leaf_count=1833 162 672 356 106 201 511 1581 671 1636 126 6558 301 175 205 1007 551 395 106 100 1126 809 168 222 100 221 208 154 2121 125 144 203 312 285 1074 224 5035 4319 105 158 163 202 850 104 712 131 117 236
internal_value=-1.02029e-05 -0.000210209 0.000414733 0.00150296 -0.00234545 -0.000164664 0.00236417 0.0028135 -0.000482884 -0.000761239 -0.000479823 -0.00227226 -0.00291831 0.000170304 -0.00136432 -0.0027013 0.000419952 0.00292299 0.000645458 0.000709429 0.00176993 0.00139961 0.000319088 0.00148787 -0.000203705 -0.000717764 0.000160355 0.000559531 0.00300002 0.00182127 -0.00250756 -0.00262103 0.000644825 0.00102077 -0.00150225 -0.000579014 0.000168695 -0.00363426 0.00356917 0.00462698 0.00143521 0.00230999 -0.00445263 0.00125497 -0.00190541 -0.00420298 -0.000222036
internal_weight=36881 28860 8767 3046 557 5721 2489 2252 20093 14089 11877 2212 1811 6004 2305 1062 5492 501 401 8021 2158 1996 5863 1812 4051 737 3713 3247 1075 1828 512 466 3416 2907 509 11593 4991 313 284 307 424 950 307 1521 237 338 1243
internal_count=36881 28860 8767 3046 557 5721 2489 2252 20093 14089 11877 2212 1811 6004 2305 1062 5492 501 401 8021 2158 1996 5863 1812 4051 737 3713 3247 1075 1828 512 466 3416 2907 509 11593 4991 313 284 307 424 950 307 1521 237 338 1243
is_linear=0
shrinkage=0.05


Tree=20
num_leaves=20
num_cat=0
split_feature=6 19 5 24 3 28 28 11 10 26 16 12 10 17 14 13 17 2 13
split_gain=1.75615 1.73563 1.56727 1.24473 1.31386 1.05763 1.21919 1.04059 1.01118 1.00068 0.997857 0.987305 1.00448 0.91393 0.860666 0.830918 0.803829 0.740779 0.683972
threshold=0.18385325440162251 0.21667984206554525 -0.20538224787243645 0.067561953569256442 -0.087821704805232867 0.57999747592383133 0.43230238577781321 0.0052902222004207475 -0.55116747805410471 -0.014721829319539191 0.015188841235767457 33.102678122154458 -0.083220935330260357 0.016747982651978743 1.4411684111918783 79.794546924552023 0.016241620207482269 -0.12898632930898493 19.681169048446005
decision_type=2 2 2 2 2 2 2 2 2 2 2 2 2 2 2 2 2 2 2
left_child=1 7 3 4 16 6 15 9 -9 18 -6 17 -13 -11 -8 -4 -3 -10 -1
right_child=-2 2 5 -5 10 -7 14 8 11 13 -12 12 -14 -15 -16 -17 -18 -19 -20
leaf_value=-0.0022098594449949638 0.0055376803105162999 -0.0022766073514638402 -0.00013300061873444978 0.0040114974097915637 -0.00057756952929857112 -0.0039054741619265311 0.005101895487002496 0.0057115383371710779 0.0052698989817177248 -0.001368930774430434 -0.0022772465545717389 -0.00031652342053337394 0.0011835093535076768 -0.0075034574785854159 -0.00020764382248744369 0.0013344167302666004 0.0027538720351670543 0.0011563181690790523 0.0028321565238348697
leaf_weight=124 143 108 21971 115 1474 177 196 100 113 150 2085 3260 1697 102 125 1009 300 3477 147
leaf_count=124 143 108 21971 115 1474 177 196 100 113 150 2085 3260 1697 102 125 1009 300 3477 147
internal_value=7.49738e-06 -1.40331e-05 -0.000212292 -0.00111656 -0.00126522 -5.50721e-05 -2.58235e-05 0.000581825 0.000712816 -0.00158392 -0.00157331 0.000654331 0.000197004 -0.00385195 0.00303432 -6.85696e-05 0.00142227 0.0012858 0.000525109
internal_weight=36873 36730 27560 4082 3967 23478 23301 9170 8647 523 3559 8547 4957 252 321 22980 408 3590 271
internal_count=36873 36730 27560 4082 3967 23478 23301 9170 8647 523 3559 8547 4957 252 321 22980 408 3590 271
is_linear=0
shrinkage=0.05


Tree=21
num_leaves=14
num_cat=0
split_feature=6 8 16 17 12 10 2 26 17 23 17 27 28
split_gain=1.62042 2.07692 1.49254 1.91535 1.41712 1.55817 2.13451 1.31622 1.17721 0.998299 0.560549 0.896137 0.385053
threshold=0.18385325440162251 0.54075490161856921 0.0075095799566062401 0.0094435298998485368 99.999999984012803 -0.056311391027243245 -0.031674031912662041 0.037641883780465409 0.024119789496399358 0.0061322902099263396 0.010240794293688923 -0.02405143637072615 -0.026524410331914657
decision_type=2 2 2 2 2 2 2 2 2 2 2 2 2
left_child=1 2 3 12 5 6 -4 9 -7 -6 -5 -12 -1
right_child=-2 -3 4 10 7 8 -8 -9 -10 -11 11 -13 -14
leaf_value=0.00077594413228293925 0.0052312013329555325 -0.0066415889961977635 0.00045252324925199543 0.0072120960459869828 -0.0060000550805353655 0.00037232718853385529 -0.0004926603861265601 0.0022908256790281213 0.0022232033915806698 -0.0017819376957236182 0.0062744272121629365 0.00096932113876008717 -0.0029472675419378062
leaf_weight=143 146 119 8706 118 204 6454 19029 137 991 449 137 190 135
leaf_count=143 146 119 8706 118 204 6454 19029 137 991 449 137 190 135
internal_value=-2.592e-05 -4.67702e-05 -2.53824e-05 0.00222389 -7.0593e-05 -2.35638e-05 -0.000195968 -0.00216488 0.000618696 -0.0030997 0.00425797 0.00319195 -0.00103209
internal_weight=36958 36812 36693 723 35970 35180 27735 790 7445 653 445 327 278
internal_count=36958 36812 36693 723 35970 35180 27735 790 7445 653 445 327 278
is_linear=0
shrinkage=0.05


Tree=22
num_leaves=37
num_cat=0
split_feature=5 21 16 9 17 9 17 25 25 4 24 11 26 27 4 9 24 4 25 24 21 25 17 25 17 27 27 21 7 23 13 17 9 4 7 13
split_gain=1.53772 1.42832 1.35321 1.25625 2.38586 1.55088 1.24782 3.59966 3.50628 2.81596 2.87202 2.63578 2.31434 2.21478 1.71771 1.62356 1.5921 1.5048 1.47488 1.28513 1.23225 2.19617 1.86481 1.51043 2.63519 2.00615 1.10393 1.26289 0.952721 0.918889 1.23127 0.905385 0.800327 1.08382 0.755529 0.944421
threshold=-0.071865367191366811 3.9431784367580947 0.010955026527376113 0.077243315845668251 0.030441571144942906 0.08796636420531069 0.021102639848437615 0.0077279802722591768 0.011128874927332008 0.057779718130122067 -0.028082502653576809 0.15023367435235827 -0.022953929655766033 -0.1023209943424878 0.48299385357211294 0.036859571702255407 0.072163440486781041 -0.12700453017777266 0.0086840312262244247 0.025137794552273388 0.56472595934540604 0.004945179850341686 0.016140499661782017 0.0076481290719753502 0.017674742283840091 -0.10880350859332387 -0.048439313022060164 0.58175568986179027 -0.014286192677827712 -0.014574605947338891 54.258179324323358 0.0082823310765195775 0.0063116394660397432 0.0036045338431057732 -0.022161423700596813 29.290392378186819
decision_type=2 2 2 2 2 2 2 2 2 2 2 2 2 2 2 2 2 2 2 2 2 2 2 2 2 2 2 2 2 2 2 2 2 2 2 2
left_child=1 3 26 20 5 -5 8 12 15 10 -9 19 -8 -14 -11 17 -13 -4 -17 -10 21 28 -23 25 -25 -22 34 32 -1 30 -29 -31 33 -28 35 -2
right_child=2 -3 6 4 -6 -7 7 9 11 14 -12 16 13 -15 -16 18 -18 -19 -20 -21 23 22 -24 24 -26 -27 27 29 -30 31 -32 -33 -34 -35 -36 -37
leaf_value=-0.002215669409172648 0.0048671597947499588 -0.0047797072658353063 0.0021062531387101386 -0.008055477574552326 0.0033889118286887219 -0.0014259572353487288 0.0056094612800413474 0.003412296854818986 -0.0013208250781784939 0.0034037275952010036 -0.00073911827215069703 -0.0025915228439085205 -0.0054721323047579422 -0.0006112614468315945 -0.0012301348293614059 0.00092398781947116825 -0.0081151613773504556 -0.00031784720818041866 0.0047391633694448196 0.0023749379127031276 0.0047538606677071521 -0.0026854545402935004 0.00065130895427547588 -0.0025944311718407872 9.719007422131457e-05 0.00028404648906540719 -0.0032158872676383773 -0.0033411916151748727 -0.0060427431162342459 -0.0023551671177847312 0.0026320402938736619 0.0017880770423279874 -0.0042689931481788169 0.0039893524496214432 0.0067970258088720474 -0.00060973965718604439
leaf_weight=437 161 185 703 187 114 167 136 557 565 1799 1653 1487 259 2461 225 1628 143 7167 300 403 262 604 1365 1330 2875 5995 108 233 259 140 137 2266 182 101 124 154
leaf_count=437 161 185 703 187 114 167 136 557 565 1799 1653 1487 259 2461 225 1628 143 7167 300 403 262 604 1365 1330 2875 5995 108 233 259 140 137 2266 182 101 124 154
internal_value=2.06092e-06 -0.00041593 0.000251494 -0.000356548 -0.00290208 -0.00492799 8.68398e-05 0.000615896 -0.000215759 0.00154119 0.000307189 -0.00184882 -0.000755851 -0.00107412 0.0028886 0.000217257 -0.00307611 -0.000101311 0.00151764 0.000217804 -0.000265796 -0.00122563 -0.000372259 -2.12963e-05 -0.000754143 0.000471211 0.00114125 0.000815536 -0.00363982 0.00119026 -0.00112948 0.00154699 -0.00184488 0.000266071 0.00349099 0.00218956
internal_weight=36872 13780 23092 13595 468 354 19486 7090 12396 4234 2210 2598 2856 2720 2024 9798 1630 7870 1928 968 13127 2665 1969 10462 4205 6257 3606 3167 696 2776 370 2406 391 209 439 315
internal_count=36872 13780 23092 13595 468 354 19486 7090 12396 4234 2210 2598 2856 2720 2024 9798 1630 7870 1928 968 13127 2665 1969 10462 4205 6257 3606 3167 696 2776 370 2406 391 209 439 315
is_linear=0
shrinkage=0.05


Tree=23
num_leaves=22
num_cat=0
split_feature=8 5 8 25 17 2 27 25 4 25 17 17 24 25 26 8 25 26 17 21 21
split_gain=1.74703 1.7466 2.4457 1.93296 2.15845 1.684 1.47118 2.01554 1.50599 1.35808 1.25733 2.3855 2.56893 2.15952 2.15569 1.56169 1.36477 1.01806 0.931195 0.847893 0.615067
threshold=0.54075490161856921 -0.20538224787243645 0.077832966603722312 0.005214044796954735 0.018330644565792951 0.15503856792923701 0.020565724098563446 0.010874721529706553 -0.12700453017777266 0.0079274304966126998 0.014370535473025714 0.020566906509213556 -0.018052715871489707 0.015861997880321378 -0.022545179881563234 0.20329420753163677 0.013277772791441914 0.014539125970056245 0.032327008775261144 0.53125352416761862 1.506409083239453
decision_type=2 2 2 2 2 2 2 2 2 2 2 2 2 2 2 2 2 2 2 2 2
left_child=1 2 3 4 17 10 7 -5 -8 -7 14 13 -13 -12 16 -16 -3 -1 20 -6 -11
right_child=-2 5 -4 6 19 9 8 -9 -10 18 11 12 -14 -15 15 -17 -18 -19 -20 -21 -22
leaf_value=-0.0018697236476578904 -0.0055196739450951863 -0.0009925950982960785 -0.0068827506706141441 1.7259618777540703e-05 -0.0024402222321314609 -0.0016767836923850335 -0.0050114353296775768 0.0037169605854420321 -0.000583702162319761 0.00053899793054762424 -0.00045769045234406196 0.0019116508933418417 -2.2859070502268102e-05 -0.0036461791109719584 0.00093969129087787353 -0.0032142289945168243 -0.0067817172027546269 0.0012927292840559372 0.0080580826698923892 -0.0069938657633761142 0.0050223245260627557
leaf_weight=978 146 832 163 1876 172 127 229 458 1190 153 11830 2296 6795 556 7828 233 116 344 115 252 153
leaf_count=978 146 832 163 1876 172 127 229 458 1190 153 11830 2296 6795 556 7828 233 116 344 115 252 153
internal_value=-6.10757e-05 -3.9358e-05 -0.00084695 -0.000668038 -0.00204242 0.000107983 -2.86377e-05 0.000743251 -0.00129826 0.00285513 5.8602e-05 -0.000149366 0.000465716 -0.00060082 0.000554387 0.000819624 -0.00170097 -0.00104682 0.00422224 -0.00514663 0.00278066
internal_weight=36842 36696 5662 5499 1746 31034 3753 2334 1419 548 30486 21477 9091 12386 9009 8061 948 1322 421 424 306
internal_count=36842 36696 5662 5499 1746 31034 3753 2334 1419 548 30486 21477 9091 12386 9009 8061 948 1322 421 424 306
is_linear=0
shrinkage=0.05


Tree=24
num_leaves=35
num_cat=0
split_feature=10 9 25 17 28 28 23 11 17 17 25 24 25 28 28 4 16 16 25 17 1 10 9 21 21 24 12 9 12 2 23 4 0 18
split_gain=1.478 2.28984 1.95499 4.32326 2.58005 2.44351 1.89616 1.89356 1.79383 1.59983 3.59454 2.53312 1.88446 2.16761 1.86781 1.51719 1.50862 2.01227 1.29651 1.244 1.16873 1.16815 1.09911 1.14257 1.2536 1.07609 1.0606 1.02783 0.854495 0.794334 0.787279 0.7512 0.633445 0.268495
threshold=-0.15322353630907201 -0.042576422655248684 0.0050255865313276723 0.016634755815008489 -0.12222013929521146 0.27731862446953959 -0.02017210910471778 0.68135997141858418 0.020500429277587866 0.023988786346953526 0.015861997880321378 0.073553604319107638 0.005214044796954735 -0.044707628974618545 0.57999747592383133 0.068559931792139608 0.042487600119651747 0.029689250625473257 0.0074130158802792985 0.017928701121960072 -0.016275281913222524 -0.023119735002137039 -0.037352054942471673 0.97822601031355538 0.71838489699739971 0.0062517134428808916 82.804370624034163 0.014219498926802633 29.578658520407931 0.0095852472193755939 -0.014574605947338891 -0.042767503226451058 -0.0014490432780235316 0.034998435437284516
decision_type=2 2 2 2 2 2 2 2 2 2 2 2 2 2 2 2 2 2 2 2 2 2 2 2 2 2 2 2 2 2 2 2 2 2
left_child=2 32 3 22 16 7 -5 8 -6 11 14 12 19 -14 15 -11 17 18 -4 -3 30 -16 28 24 -24 -9 -22 -12 -1 -19 -8 -25 -2 -34
right_child=1 9 4 6 5 -7 20 25 -10 10 27 -13 13 -15 21 -17 -18 29 -20 -21 26 -23 23 31 -26 -27 -28 -29 -30 -31 -32 -33 33 -35
leaf_value=0.00063955462199725933 -0.00052641880553201735 0.0013880450543155782 0.0021912045606613238 0.0023297530300772692 -0.00088235080734449839 0.0064665428584871386 -0.0058932639648829983 -0.0089139968312811121 0.00041843997634701669 -0.0010508997723120144 0.011236008679186671 -0.0059018093791691536 0.002208841278594189 -0.00033370153154983675 -0.0071843224791033819 0.0021928432823819957 -0.0042315437151895221 0.0072819428439698441 1.4718426658097865e-05 -0.00061482607547218336 -0.0055865921452221065 -0.00015986091292179226 0.00013753393041302582 0.0009028745304951835 0.003425496613043812 -0.0015970318179374728 -0.00027592753844887574 0.004234892625297134 -0.0047606301763193819 0.0019734882397224774 -0.0014975500231840496 -0.0024147805770139692 -0.0059430716244935483 -0.0026815179111436011
leaf_weight=124 133 4685 1312 147 6354 130 121 100 4547 456 109 165 926 8848 102 1721 120 193 1430 929 726 141 630 311 537 101 108 101 179 111 644 378 171 100
leaf_count=124 133 4685 1312 147 6354 130 121 100 4547 456 109 165 926 8848 102 1721 120 193 1430 929 726 141 630 311 537 101 108 101 179 111 644 378 171 100
internal_value=5.65329e-05 0.00037059 -0.000262398 -0.00125465 6.71863e-06 -0.000348634 -0.00310464 -0.000428437 -0.000339768 0.000453313 0.00159383 0.000260452 0.000326528 -9.28181e-05 0.00104931 0.0015134 0.0012674 0.00148404 0.00105613 0.00105661 -0.00360424 -0.0031084 0.000241453 0.000697276 0.0016505 -0.00523731 -0.00489888 0.00786881 -0.00255065 0.00534366 -0.00219282 -0.000917261 -0.00335255 -0.00473955
internal_weight=36890 18587 18303 3905 14398 11232 1746 11102 10901 18183 2630 15553 15388 9774 2420 2177 3166 3046 2742 5614 1599 243 2159 1856 1167 201 834 210 303 304 765 689 404 271
internal_count=36890 18587 18303 3905 14398 11232 1746 11102 10901 18183 2630 15553 15388 9774 2420 2177 3166 3046 2742 5614 1599 243 2159 1856 1167 201 834 210 303 304 765 689 404 271
is_linear=0
shrinkage=0.05


Tree=25
num_leaves=15
num_cat=0
split_feature=8 7 5 17 9 25 8 16 21 7 16 17 14 26
split_gain=1.3626 1.61106 1.31069 1.24961 2.20394 2.72113 1.85976 1.75538 1.42676 1.25226 1.19941 1.13783 1.05803 0.6809
threshold=0.54075490161856921 0.21531420798324377 0.057680916989467097 0.0339039063472878 0.039851118608830734 0.0087440066041960477 -0.13866563462728207 0.040377813742254638 3.9431784367580947 -0.14763785752873779 0.011471960483046523 0.036879231023895231 -1.4108492694526176 0.011893307320727799
decision_type=2 2 2 2 2 2 2 2 2 2 2 2 2 2
left_child=1 3 -3 8 5 6 -5 -7 9 12 -11 -6 -1 -10
right_child=-2 2 -4 4 11 7 -8 -9 13 10 -12 -13 -14 -15
leaf_value=0.0041749446694045013 -0.0047935858217972235 -0.00012966512919595263 0.0061024948171424596 0.00048201802073592379 0.0085144451666931565 0.005849866851208081 -0.0080814213880027342 -0.00088923953609172624 -0.0062615347253920208 0.00055125631755558282 -0.00018839955855495173 0.00261876454316378 -0.00078928372114086924 -0.00093088531354015033
leaf_weight=322 146 147 198 122 139 206 132 182 133 6818 27947 199 161 109
leaf_count=322 146 147 198 122 139 206 132 182 133 6818 27947 199 161 109
internal_value=2.72063e-05 4.63245e-05 0.00344705 1.41541e-05 0.00177544 5.49681e-05 -0.00396827 0.00268874 -3.4481e-05 -8.21265e-06 -4.33406e-05 0.00504332 0.0025202 -0.00386054
internal_weight=36961 36815 345 36470 980 642 254 388 35490 35248 34765 338 483 242
internal_count=36961 36815 345 36470 980 642 254 388 35490 35248 34765 338 483 242
is_linear=0
shrinkage=0.05


Tree=26
num_leaves=22
num_cat=0
split_feature=4 10 9 8 17 25 25 24 12 9 26 17 14 8 7 9 9 1 3 0 3
split_gain=1.36542 1.57601 2.56771 1.43045 1.48783 2.85238 2.10006 1.42586 1.57293 1.44838 1.42513 1.32595 1.29597 1.15198 1.77995 1.00436 1.08395 1.31809 0.961402 0.779512 0.509338
threshold=-0.24874715993544463 -0.15802738956912707 -0.047783301429471063 0.54075490161856921 0.023988786346953526 0.011562168614225867 0.016149377271544672 0.077336188524479002 34.403560063802416 -0.01815209646659038 -0.014788343573618632 0.020711958791580151 0.34061614264082368 0.092015293831569714 0.15979500915907632 -0.12876394278765693 -0.065576789888253481 -0.028530911486322915 0.11087403192694235 -0.00093573879780522995 -0.11868880038197825
decision_type=2 2 2 2 2 2 2 2 2 2 2 2 2 2 2 2 2 2 2 2 2
left_child=15 7 19 4 5 -4 -6 8 9 12 -11 -9 -2 14 -10 -1 17 -17 -15 -3 -18
right_child=1 2 3 -5 6 -7 -8 11 13 10 -12 -13 -14 18 -16 16 20 -19 -20 -21 -22
leaf_value=-0.0022861496702632762 -0.00046385429876788379 -0.00082027182518504575 0.00046226440602178541 -0.0046529192124892564 0.0011258615156436384 -0.0017807968858987407 0.0064996030006727896 -0.001280386811355129 -0.00061980211603169643 0.0026902317527499548 0.00032721847294609786 0.0059996025855680877 -0.0061593218209544344 -0.0053290932596654949 -0.0071027751788159694 0.0015938476972768185 0.0033834153224879338 0.0081137574167081672 0.00041207738059501238 -0.0062891923298282349 -0.00071933223630695311
leaf_weight=108 2521 100 14320 140 2358 1573 197 100 10083 816 2926 167 104 244 107 147 124 164 104 187 194
leaf_count=108 2521 100 14320 140 2358 1573 197 100 10083 816 2926 167 104 244 107 147 124 164 104 187 194
internal_value=3.78392e-05 -5.71931e-06 0.000309622 0.000382087 0.000420297 0.000240259 0.0015402 -0.000352334 -0.000409594 0.000210888 0.000842509 0.00327301 -0.000689503 -0.000784485 -0.000687877 0.0021683 0.00293314 0.005032 -0.00361334 -0.00438365 0.000880481
internal_weight=36784 36047 18875 18588 18448 15893 2555 17172 16905 6367 3742 267 2625 10538 10190 737 629 311 348 287 318
internal_count=36784 36047 18875 18588 18448 15893 2555 17172 16905 6367 3742 267 2625 10538 10190 737 629 311 348 287 318
is_linear=0
shrinkage=0.05


Tree=27
num_leaves=22
num_cat=0
split_feature=8 28 2 17 25 25 8 10 9 28 24 8 8 21 23 11 15 17 11 19 0
split_gain=1.58228 1.70059 1.35276 1.58596 3.17875 2.00219 1.74698 1.50363 2.14567 1.68945 1.67917 2.86702 1.31468 1.23598 1.29038 1.14522 1.06382 0.975993 0.743155 0.577883 0.484113
threshold=0.54075490161856921 0.40235983816304471 -0.032216309651825696 0.020855372681305336 0.0072741374165352394 0.0050880154720233757 0.085578488993742444 -0.14857352816346145 -0.042576422655248684 0.33420162102243395 0.010478348989924948 0.093804480554886008 0.19874906069221057 0.59015525640482569 -0.0068881619983843781 0.6387972965469414 6.5000000000000009 0.016521676242449466 0.87260574189725015 0.46462678295119259 -0.0014490432780235316
decision_type=2 2 2 2 2 2 2 2 2 2 2 2 2 2 2 2 2 2 2 2 2
left_child=1 2 3 4 16 6 -5 10 20 -10 15 -12 -7 -3 18 -4 -1 -6 -15 -16 -9
right_child=-2 13 7 5 17 12 -8 8 9 -11 11 -13 -14 14 19 -17 -18 -19 -20 -21 -22
leaf_value=0.00086047279698738704 -0.0051300741206678387 0.0064057800959375121 -0.0010626547361022741 -0.003378787255122283 -0.0024437542791778556 0.0023703947869524586 0.003020231444132796 -0.0010858501372341481 0.00034919825715498448 -0.0031292265244985949 0.00017469045668525238 -0.0064073953069472573 -0.0031095597190458489 -0.0041464626949280501 0.0055562988359240759 -0.0059553149270779289 0.0058773550133374647 -0.0004016981748244844 0.0016364390850067139 0.0014472095932109349 -0.0051733450420116157
leaf_weight=3456 148 155 6084 342 1097 2267 155 108 14003 358 6169 170 115 125 155 122 109 1254 100 191 220
leaf_count=3456 148 155 6084 342 1097 2267 155 108 14003 358 6169 170 115 125 155 122 109 1254 100 191 220
internal_value=2.9429e-05 5.02046e-05 1.92608e-06 0.000541054 7.2667e-05 0.00150353 -0.00138312 -0.000172181 0.000171159 0.000262486 -0.000574199 -1.82864e-06 0.00210583 0.00244611 0.00137124 -0.00115884 0.00101386 -0.00135454 -0.00157628 0.00328799 -0.00382746
internal_weight=36903 36755 36029 8795 5916 2879 497 27234 14689 14361 12545 6339 2382 726 571 6206 3565 2351 225 346 328
internal_count=36903 36755 36029 8795 5916 2879 497 27234 14689 14361 12545 6339 2382 726 571 6206 3565 2351 225 346 328
is_linear=0
shrinkage=0.05


Tree=28
num_leaves=24
num_cat=0
split_feature=21 4 5 28 28 12 17 17 28 24 9 16 8 13 17 21 1 8 5 24 11 9 5
split_gain=1.2462 1.0901 1.48279 1.83425 1.81494 1.5017 1.3468 1.17548 2.54784 1.98226 2.37913 1.76173 1.31698 1.17429 1.0107 0.867065 0.740343 0.688033 0.762158 1.09854 0.666301 0.610855 0.27417
threshold=3.9431784367580947 -0.24874715993544463 -0.24171020887995434 -0.031000278984800952 -0.094741157468781631 5.1640240371563744 0.017991600449002613 0.021102639848437615 0.28717543568984372 -0.014890327510592659 -0.051030060397874215 0.011260826517259579 0.31180307107340349 46.174253289625135 0.020241952344524503 0.72536739393879646 -0.040503943120413548 -0.17729332430855296 -0.17548024381927216 -0.018052715871489707 0.036177446861431102 -0.078441555585721176 -0.17261376021289318
decision_type=2 2 2 2 2 2 2 2 2 2 2 2 2 2 2 2 2 2 2 2 2 2 2
left_child=1 17 3 4 5 -3 15 8 11 13 -11 -4 -10 -9 -8 -5 -6 18 20 -20 21 -1 -2
right_child=22 2 7 6 16 -7 14 9 12 10 -12 -13 -14 -15 -16 -17 -18 -19 19 -21 -22 -23 -24
leaf_value=0.0066716448726219825 -0.005195304869241163 -0.0069487001191472168 0.00076155088123648781 -0.0071715640072296891 0.0050675359342516038 -0.00072150711023849469 0.0023023132113057887 0.0030454757834896947 -0.0061069331133492399 -0.0031610640275157235 0.00044887724362100323 -0.0002489043946392773 0.00033478800168060784 0.00076042421989641357 -0.0018925640329929478 -0.0027709100862085582 0.0010832312251015132 0.0054416131416782122 0.0024725723937780667 -0.0048303029146136755 -5.2822916273106925e-05 0.0014850177618567475 -0.0019947551818920968
leaf_weight=125 114 107 5772 180 136 1017 169 1120 261 493 6150 17073 114 1129 955 296 817 121 104 102 141 104 162
leaf_count=125 114 107 5772 180 136 1017 169 1120 261 493 6150 17073 114 1129 955 296 817 121 104 102 141 104 162
internal_value=3.04111e-05 5.57307e-05 1.75905e-05 -0.000933499 4.66544e-05 -0.00131431 -0.00220586 0.000126496 -6.0707e-05 0.000615344 0.000180971 6.39645e-06 -0.00414865 0.00189838 -0.00126184 -0.00443502 0.00165182 0.00201412 0.00129411 -0.00114341 0.00265121 0.00431615 -0.00331672
internal_weight=36762 36486 35789 3677 2077 1124 1600 32112 23220 8892 6643 22845 375 2249 1124 476 953 697 576 206 370 229 276
internal_count=36762 36486 35789 3677 2077 1124 1600 32112 23220 8892 6643 22845 375 2249 1124 476 953 697 576 206 370 229 276
is_linear=0
shrinkage=0.05


Tree=29
num_leaves=30
num_cat=0
split_feature=5 11 16 2 16 28 25 25 25 1 5 16 25 28 13 11 27 12 16 18 2 6 0 13 18 18 13 10 28
split_gain=1.33921 2.91214 1.29922 1.26329 1.26595 1.23495 1.99488 1.58116 2.61284 1.9849 1.45887 1.2351 1.19274 1.28177 1.54019 1.70243 1.23695 1.16251 1.10717 1.03856 0.968489 0.948791 0.830716 0.829808 0.785304 0.6599 0.68541 0.43592 0.423893
threshold=0.19043130914843201 0.81131090364945513 0.0075095799566062401 0.10370110990587113 0.038808579293687008 0.065736570175809264 0.0045205028036963543 0.0076481290719753502 0.0088031488245766121 0.04232117128703073 0.34949229253108988 0.028841559397054701 0.016640407617739269 0.037380032303193318 62.58245641630463 0.54651409298351949 -0.0069918342478393894 99.999999984012803 0.025356351062612959 0.011530389830930772 0.18159736499039372 -0.037692385093345708 -0.0011821818636180701 65.308946348155445 0.014209567272376229 0.015685892649761193 42.822519351456521 -0.056311391027243245 0.055227980201213174
decision_type=2 2 2 2 2 2 2 2 2 2 2 2 2 2 2 2 2 2 2 2 2 2 2 2 2 2 2 2 2
left_child=1 2 19 17 20 12 -7 9 10 21 -9 -10 13 14 16 -16 -2 24 -11 -1 -5 -8 28 -19 -4 26 -21 -24 -15
right_child=5 -3 3 4 -6 6 7 8 11 18 -12 -13 -14 22 15 -17 -18 23 -20 25 -22 -23 27 -25 -26 -27 -28 -29 -30
leaf_value=-0.002654371592681855 0.00069600569520812878 -0.0066053313781944045 0.0014938579438564881 0.001122685436608304 -0.0035061173856911054 0.0073966127098730409 0.0042632001928165214 0.0062481053241818033 -0.00051801459591185655 -0.0017040550483941163 0.0022471599224736932 0.0028292587491386329 -0.0045670439761884719 -0.001318549685224536 0.00043271454113405635 0.0070852264472893601 -0.0016163719789821043 -0.00079638468773039284 -0.0076934668053651144 0.0039623025089697136 0.004903475460129569 0.00025426895793908904 -0.00505810949958292 -0.005294518802452795 -0.00030501299127871548 0.0058633885341851386 -0.00011246965075865105 -0.0016733287043762838 0.0024075041422755728
leaf_weight=100 2094 177 622 1049 127 121 163 370 1010 291 593 379 146 231 215 174 799 215 105 202 202 1561 203 196 24674 139 211 179 114
leaf_count=100 2094 177 622 1049 127 121 163 370 1010 291 593 379 146 231 215 174 799 215 105 202 202 1561 203 196 24674 139 211 179 114
internal_value=-4.31102e-05 -0.000212282 -0.000171486 -0.00022458 0.00125031 0.000496702 0.00106174 0.000890336 0.00178293 -9.99427e-05 0.00378439 0.000395316 -0.000127899 3.37656e-05 0.000454545 0.00340839 5.73642e-05 -0.000303639 -0.00329216 0.00203409 0.00173317 0.000633304 -0.00186582 -0.00294148 -0.000260781 0.00288345 0.00188052 -0.00347205 -8.73319e-05
internal_weight=36662 27914 27737 27085 1378 8748 4593 4472 2352 2120 963 1389 4155 4009 3282 389 2893 25707 396 652 1251 1724 727 411 25296 552 413 382 345
internal_count=36662 27914 27737 27085 1378 8748 4593 4472 2352 2120 963 1389 4155 4009 3282 389 2893 25707 396 652 1251 1724 727 411 25296 552 413 382 345
is_linear=0
shrinkage=0.05


Tree=30
num_leaves=16
num_cat=0
split_feature=8 18 21 13 18 26 21 8 28 8 5 4 17 26 13
split_gain=1.25131 1.30979 1.5495 1.34604 1.28488 2.33888 1.69992 1.22229 1.49958 1.15818 1.3969 1.27458 1.05813 0.771954 0.644014
threshold=0.54075490161856921 0.040205325909032107 3.9431784367580947 81.150000870802558 0.022100821016843072 -0.022545179881563234 0.47009445359046359 0.43450810840474879 0.07681311485181698 -0.091457592177680333 -0.18742259851581214 -0.065415476988993179 0.021287757148516041 -0.022545179881563234 55.513115263563101
decision_type=2 2 2 2 2 2 2 2 2 2 2 2 2 2 2
left_child=1 2 4 9 5 14 -7 8 -6 12 -11 -12 -3 -14 -1
right_child=-2 3 -4 -5 7 6 -8 -9 -10 10 11 -13 13 -15 -16
leaf_value=-0.0036266565302761019 -0.0045729372034609122 -0.0017198835982606142 -0.0049137208213139846 0.0060765083775324519 -0.00059910917937432042 -0.0016797775174061842 0.0006329723685674683 -0.0049784582820374202 0.00031668817465077315 -0.0040881065965176705 -0.0025519093125451857 0.00095941964864011686 0.0042484094260501135 0.001466110023798503 0.00067734858304018463
leaf_weight=463 152 171 168 121 14026 858 10741 141 6561 190 307 1634 401 659 107
leaf_count=463 152 171 168 121 14026 858 10741 141 6561 190 307 1634 401 659 107
internal_value=-4.57378e-05 -2.69095e-05 -0.000124057 0.000895335 -9.95968e-05 0.000308229 0.000461894 -0.000339023 -0.000307248 0.000708862 3.52665e-06 0.000404047 0.00192988 0.00251866 -0.00281871
internal_weight=36700 36548 33065 3483 32897 12169 11599 20728 20587 3362 2131 1941 1231 1060 570
internal_count=36700 36548 33065 3483 32897 12169 11599 20728 20587 3362 2131 1941 1231 1060 570
is_linear=0
shrinkage=0.05


Tree=31
num_leaves=40
num_cat=0
split_feature=10 9 25 5 6 13 27 8 25 17 17 4 9 11 17 27 8 18 25 13 16 4 26 9 9 8 27 5 10 5 26 8 17 1 6 4 8 18 26
split_gain=1.34384 1.97086 1.9291 2.33806 1.66774 1.34136 1.74205 1.67579 1.34854 2.71773 2.48689 2.06795 1.87133 1.464 1.30114 1.83456 2.75795 1.78661 1.67126 1.48854 1.51412 1.4693 1.53434 1.44855 1.35457 1.26275 1.17329 1.1613 1.14525 1.02678 2.44394 1.83684 0.973895 0.907461 0.855433 0.574837 0.56933 0.683915 0.525063
threshold=-0.15802738956912707 -0.04353001601669209 0.005214044796954735 -0.30338785608677399 -0.042612518100495982 83.943418082698585 0.25130383891440494 0.11991418312589165 0.0050880154720233757 0.017928701121960072 0.017558058080536686 0.44850842127288998 0.0059004885998220633 0.50202419457690917 0.01854037926949071 -0.067497226981941813 0.01505724218205007 0.049409982435375595 0.0077113927165858931 71.955966745362744 0.023104798207305825 -0.035322393191939742 -0.015451785120453974 -0.049874879384098951 -0.022587034992676055 -0.18164892685315462 -0.031396804276591854 0.4248245673812277 -0.46228461548087846 -0.11465974304596242 0.017629328855136798 -0.055283812893293753 0.017558058080536686 0.008032435256161265 0.10887231616713723 -0.046832926195490503 0.030859420630356519 0.031343335487156815 0.011173382383852905
decision_type=2 2 2 2 2 2 2 2 2 2 2 2 2 2 2 2 2 2 2 2 2 2 2 2 2 2 2 2 2 2 2 2 2 2 2 2 2 2 2
left_child=2 36 3 4 -1 8 7 38 9 27 12 -12 -10 -11 18 16 17 -16 21 28 -21 22 -4 26 -25 -5 -20 -3 -17 31 -31 -27 -23 35 -9 -6 37 -2 -7
right_child=1 5 14 25 33 6 -8 34 10 13 11 -13 -14 -15 15 19 -18 -19 23 20 -22 32 -24 24 -26 29 -28 -29 -30 30 -32 -33 -34 -35 -36 -37 -38 -39 -40
leaf_value=0.0014374052122649219 -0.0040606068886399017 0.0013267213308959963 -0.00086580000669558583 -0.0058825921963755815 -0.0018057913778142796 0.0071554552108325344 0.0073530308257623708 0.00086540116234278507 0.0002608398656161344 -0.0036632037798106603 0.00097965537982254761 -0.0023471539575274526 -0.0014479586285688004 0.00020205360465884187 0.0032326583900353953 0.0027813949962887659 -0.004373771504282295 -0.0018000205682701742 -0.00088611923194028869 -0.0051424957091621218 -0.00012329232943488004 -0.00044851544453543897 0.0025500841456014703 -0.0041999835222056026 -0.0013151773411911969 -0.0015231643377416712 0.0039269980584045383 0.0046656687482858877 6.5424336743051753e-05 -0.00047175410779676306 -0.004951973186505274 0.0011869881511386343 -0.0045736568255197651 -0.0080426372054757354 -0.0044450856581659476 -0.0058852504183239535 -0.0056876616388358853 0.0010902381458059796 0.0021403922261393599
leaf_weight=117 145 3723 507 116 189 108 147 219 2902 405 5804 508 3577 620 1301 421 159 204 406 268 342 1225 935 594 1292 1089 184 280 4973 1244 403 1468 162 180 116 159 144 116 101
leaf_count=117 145 3723 507 116 189 108 147 219 2902 405 5804 508 3577 620 1301 421 159 204 406 268 342 1225 935 594 1292 1089 184 280 4973 1244 403 1468 162 180 116 159 144 116 101
internal_value=-7.42945e-06 0.0002866 -0.000317473 -0.00115562 -0.00396364 0.000362095 0.00252353 0.0012185 0.000278277 0.000972046 5.56445e-06 0.000711908 -0.000682573 -0.00132519 3.30151e-06 0.000419799 0.00188885 0.00255049 -0.000598717 1.26528e-05 -0.00232845 0.000231532 0.00134908 -0.00154733 -0.00222375 -0.000736369 0.000614921 0.00156027 0.000277405 -0.000594371 -0.00156801 3.27621e-05 -0.000930327 -0.00516046 -0.000973454 -0.00366968 -0.00316381 -0.00177134 0.00473191
internal_weight=36853 18915 17938 4965 645 18510 691 544 17819 5028 12791 6312 6479 1025 12973 7668 1664 1505 5305 6004 610 2829 1442 2476 1886 4320 590 4003 5394 4204 1647 2557 1387 528 335 348 405 261 209
internal_count=36853 18915 17938 4965 645 18510 691 544 17819 5028 12791 6312 6479 1025 12973 7668 1664 1505 5305 6004 610 2829 1442 2476 1886 4320 590 4003 5394 4204 1647 2557 1387 528 335 348 405 261 209
is_linear=0
shrinkage=0.05


Tree=32
num_leaves=16
num_cat=0
split_feature=6 8 11 2 10 8 17 25 25 13 21 16 17 24 24
split_gain=1.53401 1.86303 1.0907 1.56878 1.39181 1.60496 1.32255 2.78438 2.35216 1.31785 1.28759 1.52595 1.62745 1.31799 0.657885
threshold=0.18385325440162251 0.54075490161856921 0.012553025268000175 -0.023453906344206406 -0.15322353630907201 0.092015293831569714 0.019378189939123033 0.0074130158802792985 0.0050880154720233757 70.131856721489655 0.55581469797369321 0.017432700523719351 0.012556368686755115 -0.0075994249247423032 -0.0029148751891451825
decision_type=2 2 2 2 2 2 2 2 2 2 2 2 2 2 2
left_child=1 2 10 6 5 -5 7 -4 -8 -6 14 12 -12 -13 -1
right_child=-2 -3 3 4 9 -7 8 -9 -10 -11 11 13 -14 -15 -16
leaf_value=-0.0022254559420654876 0.0053043867356693314 -0.0064852968541854019 0.00091168002965769449 -0.00041087141398585682 -3.628416076161758e-05 -0.0038967580731502048 -0.0011356029282256742 -0.0014958570416151405 0.0018779669857830778 0.0010891432307227344 -0.0020716094581612879 -0.00066048330025778664 0.0028080220432991298 -0.005872807256475261 -0.0073174891968639652
leaf_weight=143 139 109 3767 10427 10977 341 796 1763 3471 3409 281 313 436 198 114
leaf_count=143 139 109 3767 10427 10977 341 796 1763 3471 3409 281 313 436 198 114
internal_value=6.17119e-05 4.17713e-05 6.12973e-05 0.000117686 -9.13713e-05 -0.000521262 0.000654444 0.000144142 0.00131579 0.000230404 -0.00126586 -0.000592322 0.000895642 -0.00268013 -0.00448418
internal_weight=36684 36545 36436 34951 25154 10768 9797 5530 4267 14386 1485 1228 717 511 257
internal_count=36684 36545 36436 34951 25154 10768 9797 5530 4267 14386 1485 1228 717 511 257
is_linear=0
shrinkage=0.05


Tree=33
num_leaves=42
num_cat=0
split_feature=19 5 25 5 3 18 18 13 9 26 27 9 25 16 25 21 16 9 21 28 23 18 6 23 22 4 11 18 4 4 25 21 19 4 7 25 20 25 28 19 21
split_gain=1.39245 0.966192 1.37296 1.3274 1.65695 1.42126 1.1543 1.09554 1.08651 1.5213 0.984885 1.38233 0.930742 0.918552 0.897732 1.24135 1.0307 0.893892 0.756756 0.751299 0.715907 0.923504 1.0966 0.923241 0.809457 0.725086 0.919561 1.01807 0.756701 0.661867 0.83259 0.669939 0.656215 0.62957 0.580018 0.543006 0.515436 0.512604 0.675898 0.572191 0.495292
threshold=0.21667984206554525 -0.24171020887995434 0.005214044796954735 -0.34711504715332714 0.05735731344597373 0.032147888637742671 0.05958515917837922 83.943418082698585 0.011068691122858245 0.020204869447492117 0.05721515936130684 0.073604439587144924 0.010874721529706553 0.023939119156705262 0.004922470207564319 0.5987804040699044 0.031301626217507768 0.021165349128473235 0.68790497691305974 -0.026524410331914657 0.0024609826242806281 0.022026325180012653 0.070721176326502114 0.0088698245509234459 -1.0172089433381231 0.025339053525417769 1.0064345071685663 0.020534860535219208 -0.0037283318842667441 -0.031753783955343277 0.014367778322154218 0.7490461721545133 0.17187753315819795 0.07006943532721456 -0.038096056428950469 0.0052951433044673727 -0.0021329453964523122 0.0062806861102714046 0.043935218230340196 0.14509179640604375 0.47665814352291708
decision_type=2 2 2 2 2 2 2 2 2 2 2 2 2 2 2 2 2 2 2 2 2 2 2 2 2 2 2 2 2 2 2 2 2 2 2 2 2 2 2 2 2
left_child=20 2 13 4 18 -6 7 14 9 -5 -9 -12 -10 17 15 -3 -16 19 -4 -2 25 24 23 36 -22 28 27 33 29 30 -1 -31 -25 -27 -26 -36 -23 39 -39 -30 -29
right_child=1 6 3 8 5 -7 -8 10 12 -11 11 -13 -14 -15 16 -17 -18 -19 -20 -21 21 22 -24 32 34 26 -28 40 37 31 -32 -33 -34 -35 35 -37 -38 38 -40 -41 -42
leaf_value=0.00013138885144984352 -0.0018978677175305473 -0.0010507738271876054 0.00064916011512844418 -0.0011983555987891146 -0.0063475183251955856 0.00087562666149504159 -0.0043942401700370086 0.005944204380363226 -0.0059696381750444956 0.0047228271724648841 -0.0002991747352456965 0.005628503167884439 -0.0010049978188268302 -0.0070922795430357968 -0.00031704018931865883 0.00099854248623058753 0.001419701664658558 0.0022029854798277554 0.0047610036825062709 -0.0060481105367452071 -0.0027991428030613216 0.00095476905920631482 0.0031445871373549346 -0.00062248301447582967 0.0043325981768583396 0.0019827549887500378 -0.0029636680179293147 0.0048088115676747341 -0.00099006547588410473 4.1045050092678158e-05 0.0037084824691915362 0.0039446011630432879 0.0019078438664676949 -0.0015824236977351617 0.0025199043106251123 -0.00010899003169989946 -0.0024787167357254395 0.0032240262563044035 -0.0022352402675578482 -0.0056387795540676633 0.0020964233235879694
leaf_weight=2148 506 943 183 780 103 201 153 125 195 126 436 127 183 105 18779 3415 895 104 288 139 112 126 188 1040 171 208 106 190 171 177 176 290 340 306 369 420 825 110 117 108 1474
leaf_count=2148 506 943 183 780 103 201 153 125 195 126 436 127 183 105 18779 3415 895 104 288 139 112 126 188 1040 171 208 106 190 171 177 176 290 340 306 369 420 825 110 117 108 1474
internal_value=1.07465e-05 -0.000165583 -0.00102714 -0.000328054 0.00130603 -0.00157169 -6.4682e-05 -3.7885e-05 -0.00131436 -0.00037488 0.00192937 0.00103797 -0.00356612 -0.00271263 -9.42045e-05 0.000555104 -0.000238033 -0.00209866 0.00316341 -0.00279226 0.000544925 -5.77396e-06 -0.00052885 -0.00082512 0.00122336 0.000899264 0.001584 0.00180532 0.000424915 0.000747444 0.000402288 0.00246509 9.30855e-07 -0.000139705 0.00169265 0.00112049 -0.00202381 -0.00135409 0.000410219 -0.00278957 0.00240613
internal_weight=36958 27786 2913 2059 775 304 24873 24720 1284 906 688 563 378 854 24032 4358 19674 749 471 645 9172 3591 2519 2331 1072 5581 2284 2178 3297 2791 2324 467 1380 514 960 789 951 506 227 279 1664
internal_count=36958 27786 2913 2059 775 304 24873 24720 1284 906 688 563 378 854 24032 4358 19674 749 471 645 9172 3591 2519 2331 1072 5581 2284 2178 3297 2791 2324 467 1380 514 960 789 951 506 227 279 1664
is_linear=0
shrinkage=0.05


Tree=34
num_leaves=32
num_cat=0
split_feature=19 10 20 24 5 17 0 5 27 18 16 25 10 0 2 19 17 23 24 18 25 16 21 10 20 16 2 0 20 2 11
split_gain=1.10276 1.07327 0.97747 1.23881 1.1827 1.23545 1.09038 0.902518 1.25622 0.892813 0.725375 1.03849 1.612 1.19267 1.02175 1.05757 0.997367 0.800219 0.723766 0.755515 0.831796 0.671897 0.668392 0.564486 0.521044 0.607287 0.510163 0.462594 0.445908 0.317334 0.214821
threshold=0.25851195256772397 -0.045672256190247056 0.019373279764562493 -0.10692408553561832 0.092593427415262677 0.025101538668779195 0.063172679329140072 -0.20538224787243645 -0.17598004804097458 0.021456480878968062 0.010362421824008141 0.0050110980918222177 -0.13086068448160268 -0.0049241077039529615 -0.032216309651825696 0.084527573602390965 0.0094435298998485368 0.018096568290739582 -0.028982661372706105 0.019419031547287201 0.004945179850341686 0.011677643380593039 1.1339819681447059 -0.24067849961086538 0.0041734729743773133 0.020193444026737974 -0.029219107650329364 0.039004791071636243 0.0020846168193396912 0.0034999648066169624 0.16875942066994978
decision_type=2 2 2 2 2 2 2 2 2 2 2 2 2 2 2 2 2 2 2 2 2 2 2 2 2 2 2 2 2 2 2
left_child=1 10 3 -2 27 -6 7 9 -9 -5 16 12 13 -12 17 -16 -1 -13 -3 20 -20 -22 23 -18 28 -26 -14 29 -21 -4 -29
right_child=2 18 4 6 5 -7 -8 8 -10 -11 11 14 26 -15 15 -17 22 -19 19 24 21 -23 -24 -25 25 -27 -28 30 -30 -31 -32
leaf_value=-0.0019176468595396728 -0.0046412668454323498 -0.0022315703154626217 0.0036278212391603576 0.00034149432738288352 -0.0032638999780722185 0.0030539717192313576 -0.0043935686115506353 -0.0051007507236151039 8.5106450613181305e-06 -0.0013842119573566202 -0.0011982956286017584 0.0014107210802930409 0.0033800582413273266 -0.0051358170618002507 -0.0019811280698397572 0.00024547350731876785 -0.00043854074191348211 -0.002680737963907184 0.0031163571025668219 0.0029417353963422806 0.00044391021828457558 -0.0046218577942967708 0.0057033917956159867 0.0025930569784953748 -0.00054570271873386692 0.0037489230552202333 0.0001420248168778354 0.0034774628853271672 0.0062451030824377087 -0.00021605517954762597 0.0067146376104039304
leaf_weight=175 156 110 111 1062 187 132 152 121 20986 2547 1020 2319 197 237 626 3601 222 126 165 506 186 101 119 498 204 138 318 103 128 104 102
leaf_count=175 156 110 111 1062 187 132 152 121 20986 2547 1020 2319 197 237 626 3601 222 126 165 506 186 101 119 498 204 138 318 103 128 104 102
internal_value=3.2298e-05 0.000451486 -0.000146617 -0.000199543 0.00164555 -0.000649608 -0.00017168 -0.000145716 -2.07792e-05 -0.000876398 0.000252288 0.000100549 -0.000975403 -0.00194069 0.000386309 -8.42763e-05 0.00151588 0.00119987 0.00167647 0.00197751 0.000287519 -0.00133882 0.00223205 0.00165831 0.00276016 0.00118722 0.00138065 0.00338879 0.00360866 0.00176846 0.00508815
internal_weight=36759 10996 25763 25024 739 319 24868 24716 21107 3609 9458 8444 1772 1257 6672 4227 1014 2445 1538 1428 452 287 839 720 976 342 515 420 634 215 205
internal_count=36759 10996 25763 25024 739 319 24868 24716 21107 3609 9458 8444 1772 1257 6672 4227 1014 2445 1538 1428 452 287 839 720 976 342 515 420 634 215 205
is_linear=0
shrinkage=0.05


Tree=35
num_leaves=15
num_cat=0
split_feature=6 8 19 20 6 10 9 0 4 10 21 11 21 27
split_gain=1.13311 1.82283 0.860174 0.871867 1.08312 1.36527 0.825997 0.936647 0.780393 0.692998 0.666348 0.570471 1.32316 0.859642
threshold=0.18385325440162251 0.54075490161856921 0.21667984206554525 0.028017590091308001 0.052170599113892775 -0.25529433645615002 -0.078441555585721176 -0.019804544516985708 0.33667091909616093 -0.047894494970065031 0.70453596014518405 0.53184112561992092 0.85575624324098765 -0.028681461709544328
decision_type=2 2 2 2 2 2 2 2 2 2 2 2 2 2
left_child=1 2 6 11 5 -5 7 -1 10 -10 -8 13 -13 -4
right_child=-2 -3 3 4 -6 -7 8 -9 9 -11 -12 12 -14 -15
leaf_value=0.0069208371665473419 0.0044277903987676838 -0.0060928403143392408 0.0001869458763289758 0.0050296570839166712 0.0067333667033817619 -0.0023853478210905644 -0.00035869595310692609 0.00061985333087395179 0.00057428821293999338 0.0055998588784221016 0.00057361319112100102 0.001334056149643698 -0.00053664675379856502 -0.00046596351539647437
leaf_weight=103 144 123 7363 104 100 154 2876 138 144 131 5745 1897 1884 15989
leaf_count=103 144 123 7363 104 100 154 2876 138 144 131 5745 1897 1884 15989
internal_value=1.1269e-06 -1.62179e-05 4.1879e-06 -0.000135501 0.00231586 0.000603646 0.000424479 0.0033128 0.000346232 0.00296829 0.000262591 -0.000167845 0.000401921 -0.000260098
internal_weight=36895 36751 36628 27491 358 258 9137 241 8896 275 8621 27133 3781 23352
internal_count=36895 36751 36628 27491 358 258 9137 241 8896 275 8621 27133 3781 23352
is_linear=0
shrinkage=0.05


Tree=36
num_leaves=23
num_cat=0
split_feature=16 18 18 13 8 28 17 1 28 5 25 17 11 5 25 25 17 21 16 2 21 21
split_gain=1.12088 1.44766 0.901084 1.37173 1.25816 1.35748 3.16742 1.39445 1.16308 1.13301 2.58992 1.83368 1.09885 3.6571 1.04726 2.7911 0.881227 0.864527 0.863168 0.574256 0.512985 1.03609
threshold=0.0075095799566062401 0.013114918441597363 0.040205325909032107 81.150000870802558 -0.091457592177680333 -0.022092935447778791 0.024455513590204338 -0.04893075344115138 0.57999747592383133 0.38454995236307193 0.0046682607885180421 0.024455513590204338 0.81131090364945513 0.24415099306060087 0.010016533032084024 0.0076481290719753502 0.0088414174956070683 3.9431784367580947 0.029118972179947879 -0.001960258414870852 0.64970837004252624 0.93682076721955598
decision_type=2 2 2 2 2 2 2 2 2 2 2 2 2 2 2 2 2 2 2 2 2 2
left_child=1 16 8 4 14 6 -6 -7 9 12 19 -12 17 -14 15 -4 -1 -2 -16 -11 -3 -22
right_child=2 20 3 -5 5 7 -8 -9 -10 10 11 -13 13 -15 18 -17 -18 -19 -20 -21 21 -23
leaf_value=-0.0036940236594065604 -0.0001423467104898064 0.00094860954041497449 0.0053909775204837897 0.0054419703072025663 0.0046189736097700679 0.0034030756592398495 -0.0057396634305126489 -0.00026790044528170447 -0.0047326501394683662 0.00791453776049123 -0.0004327211974982897 0.002688081498513563 -0.0095942235886711091 0.0033524766713380811 0.0010330699558835476 -0.0027318692060990871 0.0020844954073489194 -0.0038277672673939379 0.0043447118978666216 0.0032230306467681659 0.0070701868901475494 0.0014140026118756007
leaf_weight=141 29171 127 157 147 101 311 274 1538 136 133 1819 635 120 100 354 324 124 160 443 128 192 140
leaf_count=141 29171 127 157 147 101 311 274 1538 136 133 1819 635 120 100 354 324 124 160 443 128 192 140
internal_value=4.50852e-06 0.00195239 -3.46101e-05 0.000710281 0.000511664 -0.000206756 -0.00294974 0.000349554 -0.000118497 -9.90487e-05 0.000878451 0.000374821 -0.000188856 -0.00370936 0.00176187 -8.0545e-05 -0.000990113 -0.000162451 0.00287379 0.00561372 0.00365122 0.00468505
internal_weight=36775 724 36051 3649 3502 2224 375 1849 32402 32266 2715 2454 29551 220 1278 481 265 29331 797 261 459 332
internal_count=36775 724 36051 3649 3502 2224 375 1849 32402 32266 2715 2454 29551 220 1278 481 265 29331 797 261 459 332
is_linear=0
shrinkage=0.05


Tree=37
num_leaves=39
num_cat=0
split_feature=5 28 25 28 25 27 26 21 18 10 8 16 4 3 28 27 4 27 11 21 22 4 25 22 8 7 6 11 28 21 11 18 21 8 13 10 11 21
split_gain=1.29529 1.77742 2.02904 1.70225 1.88634 2.30409 1.56609 1.272 1.52237 1.15083 1.26303 2.53781 1.5447 1.87553 1.61188 1.59862 1.59339 1.2605 1.67755 1.32312 1.24085 1.14118 1.27294 1.0925 1.05289 0.995401 0.906146 0.88143 0.879123 0.861424 0.756827 0.685057 0.656463 0.61538 0.823795 0.585428 0.534952 0.432468
threshold=-0.24171020887995434 -0.033215043721632802 0.0066179295734284061 -0.094741157468781631 0.0050255865313276723 0.022722571381444182 0.019191229874704566 0.43552772177408688 0.0218716217408731 -0.46228461548087846 -0.12251880124663904 0.029118972179947879 -0.10646721460734869 -0.11536536627653692 -0.13859343543777045 0.018440461422355673 0.029297192635288186 -0.069669410038506227 0.13523911087512244 1.0189865810730061 -0.26018739402009922 0.14864967315108216 0.0082620569287899185 -0.31058092564307443 -0.11853248767706952 -0.0069244971706614025 0.040728544118902817 0.17689219194903841 0.06264577548419982 1.0915220532087917 0.27369639367753912 0.022384473977620268 0.71500854933490776 -0.20207368098667625 46.174253289625135 -0.33722954376549097 0.11216819611216823 0.76257302573838814
decision_type=2 2 2 2 2 2 2 2 2 2 2 2 2 2 2 2 2 2 2 2 2 2 2 2 2 2 2 2 2 2 2 2 2 2 2 2 2 2
left_child=1 3 27 4 29 6 -6 -5 24 -2 11 17 15 16 -15 25 -14 18 -11 -19 -17 23 -23 35 -9 -12 -10 36 -25 31 32 -1 -29 -13 -35 -4 37 -3
right_child=9 2 21 7 5 -7 -8 8 26 10 12 33 13 14 -16 20 -18 19 -20 -21 -22 22 -24 28 -26 -27 -28 30 -30 -31 -32 -33 -34 34 -36 -37 -38 -39
leaf_value=-0.0029958693039688201 -0.0049672028411658032 -0.0062445457656867803 0.0040539684191940924 -0.0036028882553155472 -5.9836247466262896e-05 -0.0051513000687496181 0.005034970725202894 -0.0044599159053609816 0.0053823170179424411 0.0013031933792200306 -0.00034061085551402256 0.0020382929488322607 -0.0044448665780521136 0.0038622018834192553 0.00015202987086097795 -0.0075692545661868449 0.0015815243684827647 0.00088352611445980777 0.0079937674857389462 -0.0019617438437949928 -0.0013410679248582785 0.0068733198254485612 -0.00079430998727221492 -0.0016462044944147176 0.0015686751475016082 -0.0045506289992724956 0.00027895822626816338 -0.010136947707117845 -0.0069591625162434799 -0.00038490377657581122 -0.0028042127702020136 -0.0083477928932802394 -0.0050245168364296362 0.010102757159154863 0.0040141809024848039 -0.00089731894759222076 -0.00012879549477448954 -0.0016393776309506884
leaf_weight=110 111 100 101 101 763 185 188 101 367 945 1705 102 394 296 26590 163 152 1040 104 673 157 100 118 279 256 153 114 108 108 100 162 131 150 100 125 146 175 104
leaf_count=110 111 100 101 101 763 185 188 101 367 945 1705 102 394 296 26590 163 152 1040 104 673 157 100 118 279 256 153 114 108 108 100 162 131 150 100 125 146 175 104
internal_value=1.09868e-05 -0.000830684 -0.00209514 3.33946e-05 -0.00102483 -4.58372e-05 0.000947339 0.00169792 0.0023368 0.000115317 0.00013257 0.00109467 3.22012e-05 0.00013396 0.000192877 -0.00124946 -0.00276719 0.000601551 0.00196651 -0.000234318 -0.00451355 -0.000397694 0.00272295 -0.00147072 -0.000136893 -0.000687292 0.00417279 -0.00390518 -0.00312889 -0.00428621 -0.00548274 -0.00590501 -0.0071646 0.0052598 0.00672021 0.0011273 -0.00215696 -0.00389681
internal_weight=36877 4067 1651 2416 1477 1136 951 939 838 32810 32699 3089 29610 27432 26886 2178 546 2762 1049 1713 320 852 218 634 357 1858 481 799 387 341 420 241 258 327 225 247 379 204
internal_count=36877 4067 1651 2416 1477 1136 951 939 838 32810 32699 3089 29610 27432 26886 2178 546 2762 1049 1713 320 852 218 634 357 1858 481 799 387 341 420 241 258 327 225 247 379 204
is_linear=0
shrinkage=0.05


Tree=38
num_leaves=20
num_cat=0
split_feature=16 13 2 26 18 17 21 28 17 25 24 18 7 25 16 24 14 6 13
split_gain=0.962121 2.62584 1.68733 1.67078 1.61894 1.28915 1.17972 1.39533 0.848301 2.65896 1.53868 1.32593 1.84 1.75221 1.01671 0.652929 0.617269 0.612851 0.406674
threshold=0.038808579293687008 53.152788687807323 0.15503856792923701 0.0020689299221997586 0.03630909779133773 0.039175787946428807 1.8435500263661828 0.0037421705604389626 0.014743622240044021 0.011212501614916291 0.023469742362612681 0.030004188470025513 0.15979500915907632 0.015392746994419938 0.013440680820557539 0.020556002589821157 1.7008090455877076 -0.0036612110369249047 80.478464467971023
decision_type=2 2 2 2 2 2 2 2 2 2 2 2 2 2 2 2 2 2 2
left_child=2 3 5 -2 18 8 7 -3 9 14 -11 13 -13 -10 -1 -6 -17 -7 -4
right_child=1 6 4 -5 15 17 -8 -9 11 10 -12 12 -14 -15 -16 16 -18 -19 -20
leaf_value=0.00028173188442402915 0.0048936262619735183 -0.0069764583363852968 0.0013594942034849216 -0.0022204684978944195 0.0070727035725743782 0.0067744442622642972 -0.0086278221416979852 0.00025341401223566076 -0.00040726999572383632 -0.0049497354439281063 -0.00050138677601581144 0.00039525646006107786 -0.0027206537700248828 -0.0041236944197175591 0.0014137632214695059 0.0057310765956108478 0.00042006207424831596 0.0013177672332978616 -0.0031274169294696966
leaf_weight=7764 174 113 101 157 161 100 121 163 13145 344 447 10146 497 325 2664 102 118 106 101
leaf_count=7764 174 113 101 157 161 100 121 163 13145 344 447 10146 497 325 2664 102 118 106 101
internal_value=3.02432e-05 -0.0017694 6.65141e-05 0.00151927 0.00273462 2.27439e-05 -0.00451133 -0.00270664 -2.50622e-07 0.000358927 -0.00243594 -0.000167364 0.000249752 -0.000496939 0.000570927 0.00465313 0.00288244 0.00396664 -0.000883961
internal_weight=36849 728 36121 331 583 35538 397 276 35332 11219 791 24113 10643 13470 10428 381 220 206 202
internal_count=36849 728 36121 331 583 35538 397 276 35332 11219 791 24113 10643 13470 10428 381 220 206 202
is_linear=0
shrinkage=0.05


Tree=39
num_leaves=29
num_cat=0
split_feature=6 2 17 25 5 25 3 28 7 17 25 18 5 9 10 17 28 4 18 25 24 17 10 25 3 17 1 2
split_gain=0.998569 0.96092 1.5213 1.84184 2.83349 1.7191 1.66188 1.58378 1.37576 1.49421 1.20492 1.16506 1.29614 2.42212 2.06894 1.57423 1.70808 1.50646 1.32419 1.09065 1.08124 2.92823 1.35146 1.97858 1.1127 1.05777 1.73255 0.40096
threshold=0.18385325440162251 -0.024576513289408016 0.020930382762104332 0.0050880154720233757 0.40376532568093121 0.0072741374165352394 0.094959386396251469 -0.079957749685379761 -0.10834155828424678 0.018473991653972229 0.0054057245478342326 0.022188202455718346 0.013976441025570942 -0.0074527707663272205 -0.10124719885292109 0.016848579607770805 0.16079897321694966 -0.090972682680062408 0.018603727312586135 0.0046682607885180421 0.077336188524479002 0.021014624959026878 -0.15322353630907201 0.010519084363156168 0.018491595054176416 0.016521676242449466 -0.038149596934471501 -0.036733377048827724
decision_type=2 2 2 2 2 2 2 2 2 2 2 2 2 2 2 2 2 2 2 2 2 2 2 2 2 2 2 2
left_child=1 2 5 4 19 8 7 -5 9 -1 -10 12 13 14 -3 16 -14 -15 -17 -4 22 -22 23 -13 -24 26 -7 -27
right_child=-2 11 3 6 -6 25 -8 -9 10 -11 -12 20 15 17 -16 18 -18 -19 -20 -21 21 -23 24 -25 -26 27 -28 -29
leaf_value=0.0010340477937133984 0.0041609230747174783 0.0014998873944811182 8.4260299099496685e-05 0.00035875133775682141 0.0055605848466779 -0.0043769925983835004 -0.0034347317629403228 0.0029434636199845783 -0.0002573642107151033 0.0080026828476227815 0.00153766485899495 -0.0016381928011724592 0.0008160167863523884 -0.0072042207468743669 -0.0032803497319999972 0.0083947627409822357 -0.0030505865941216682 -0.00099241949972825446 0.0021863426645710262 -0.0048218838671455167 -0.0031913008374681671 0.0063265197049492058 -0.0009221219595784135 2.4952263255311092e-05 0.00033279340234689415 -0.00054521523033635149 -0.00058889928232887191 0.0014008101113607777
leaf_weight=200 144 2015 182 890 122 494 144 1774 2818 125 1399 4541 3378 101 255 101 312 2902 574 300 138 195 2559 2950 5703 1171 776 342
leaf_count=200 144 2015 182 890 122 494 144 1774 2818 125 1399 4541 3378 101 255 101 312 2902 574 300 138 195 2559 2950 5703 1171 776 342
internal_value=5.43613e-06 -1.09757e-05 0.000386332 0.00125837 -0.00124642 -1.98641e-05 0.00179715 0.00207995 0.000579719 0.00371429 0.000338141 -0.000176809 0.000257907 -0.000269646 0.0009629 0.000895201 0.000489084 -0.00120134 0.00311531 -0.00296936 -0.000437271 0.0023822 -0.000496871 -0.000983236 -5.58932e-05 -0.000998415 -0.00206238 -0.000105334
internal_weight=36605 36461 10737 3412 604 7325 2808 2664 4542 325 4217 25724 9638 5273 2270 4365 3690 3003 675 482 16086 333 15753 7491 8262 2783 1270 1513
internal_count=36605 36461 10737 3412 604 7325 2808 2664 4542 325 4217 25724 9638 5273 2270 4365 3690 3003 675 482 16086 333 15753 7491 8262 2783 1270 1513
is_linear=0
shrinkage=0.05


Tree=40
num_leaves=34
num_cat=0
split_feature=7 27 21 18 17 25 11 7 25 23 24 28 9 22 9 12 21 25 9 3 9 13 28 23 28 2 8 11 18 13 28 9 2
split_gain=0.992703 1.3944 1.12699 1.02996 2.03364 2.68961 2.11052 2.48513 1.77621 1.6394 1.59391 2.30512 1.52359 1.53163 1.4296 1.46045 1.38344 1.48865 1.66049 1.36973 1.31393 1.22249 0.897807 0.928019 0.735097 0.630488 0.588631 0.818001 0.448725 0.533145 0.874413 0.344615 0.342207
threshold=-0.12759328486913238 -0.13136840758804078 1.1031244711250014 0.022100821016843072 0.020711958791580151 0.005511025630459126 0.4625237002111347 0.041859601815749332 0.014367778322154218 -0.021784019371527071 0.025137794552273388 0.031067442021355477 -0.090243099468523699 -0.56903872670383948 -0.081738450076434363 99.999999973502923 0.38853504674836525 0.0050880154720233757 0.0070558054399867407 0.077610367470314481 -0.029009058781347293 69.550510635294572 -0.016060295132031551 -0.023076023765541239 -0.21054401551640198 0.0029672580306976397 -0.091457592177680333 0.21976738256195996 0.039900663629762113 24.568679302571834 -0.14460776274294299 -0.081738450076434363 -0.017780629021385715
decision_type=2 2 2 2 2 2 2 2 2 2 2 2 2 2 2 2 2 2 2 2 2 2 2 2 2 2 2 2 2 2 2 2 2
left_child=1 2 31 9 8 6 19 -8 14 22 20 -12 -7 -14 -5 -16 26 21 -19 -6 -10 -18 32 25 -4 -24 -11 -28 29 30 -3 -1 -2
right_child=3 28 24 4 5 12 7 -9 10 16 11 -13 13 -15 15 -17 17 18 -20 -21 -22 -23 23 -25 -26 -27 27 -29 -30 -31 -32 -33 -34
leaf_value=-0.0012551637857433151 -0.0011251078884930196 0.0037738833343610168 0.0043213370943788526 0.005197887306567282 -0.0041849789727750018 -0.0047283053820809497 0.0026252817670081325 -0.0024676016076988672 -0.0022023617037469577 0.00058975931844377724 -0.0038004430655918611 0.0053625030661351054 0.0020968960959334058 0.00040939361385417352 -0.00044597400878669172 -0.0042715129500948924 0.00096756203977075455 0.00082229874047342992 -0.00077911902893010299 0.00097648542452971371 -0.0067395975376926161 0.0033500809341292688 -0.0039048328784986419 -0.0072058758193279731 -0.0011639758801501212 0.00069080979919817771 -0.0059629269291723921 -0.0002707894172664117 0.0052634887005710467 0.0041050191468649296 -0.0026495554786244479 -0.0053855568520946081 0.0025262775893697478
leaf_weight=101 173 104 129 110 709 130 494 465 386 110 148 128 1653 7208 11532 255 3848 3683 2888 157 272 626 179 118 116 128 163 103 176 199 108 101 102
leaf_count=101 173 104 129 110 709 130 494 465 386 110 148 128 1653 7208 11532 255 3848 3683 2888 157 272 626 179 118 116 128 163 103 176 199 108 101 102
internal_value=2.13449e-05 0.00154867 -0.00055544 -2.28078e-05 -0.000214902 0.000290127 -0.00145994 0.000155844 -0.000640619 0.00035195 -0.0027402 0.000449039 0.000645356 0.000724193 -0.000475787 -0.000528736 0.00049591 0.000597443 0.000118465 -0.00324924 -0.00407794 0.00130092 -0.00199685 -0.00343726 0.00172421 -0.00198873 -0.00248664 -0.00375883 0.00315094 0.0022463 0.000501565 -0.00332036 0.000229224
internal_weight=36802 1034 447 35768 23647 10816 1825 959 12831 12121 934 276 8991 8861 11897 11787 11421 11045 6571 866 658 4474 700 425 245 307 376 266 587 411 212 202 275
internal_count=36802 1034 447 35768 23647 10816 1825 959 12831 12121 934 276 8991 8861 11897 11787 11421 11045 6571 866 658 4474 700 425 245 307 376 266 587 411 212 202 275
is_linear=0
shrinkage=0.05


Tree=41
num_leaves=23
num_cat=0
split_feature=8 20 12 11 19 0 8 7 12 2 1 2 4 18 28 0 27 25 21 14 26 6
split_gain=1.20349 1.0733 1.30851 1.129 1.07167 0.938029 0.943317 0.887172 0.843672 1.34266 1.0523 0.745209 0.731946 0.730806 0.712707 0.709814 0.687958 0.723592 0.655479 0.581762 0.499491 0.362472
threshold=0.54075490161856921 0.0049587339378052162 99.999999984012803 1.3443067070371018 0.84890923624068793 0.031810830270394004 -0.091457592177680333 -0.0043486647294496686 90.023544003969462 0.063239461390808396 0.097598061000576566 0.11035923878125499 -0.014984478773209685 0.017239206511173204 -0.0024635047406610928 0.0045171555411944739 -0.016212164160766481 0.0076481290719753502 1.0043145068354578 -0.66403543912476748 -0.0088379887318690269 0.081249759585780859
decision_type=2 2 2 2 2 2 2 2 2 2 2 2 2 2 2 2 2 2 2 2 2 2
left_child=1 2 3 8 5 13 -7 16 10 -10 -1 20 -8 18 -4 -16 17 -6 -3 -15 -9 -17
right_child=-2 4 14 -5 7 6 12 11 9 -11 -12 -13 -14 19 15 21 -18 -19 -20 -21 -22 -23
leaf_value=0.00011286138890704069 -0.0045929990615048962 0.00039651226696203192 0.00060249247460237502 0.0046898994481138741 0.0014400614732064717 0.0048151495812528934 -0.0029580935566870421 -0.0066664935590527137 7.015631870130963e-05 0.0029049342288305418 -0.0035553768473360597 0.00061154243343606088 0.0016150990834884237 0.00011826739119587981 -0.00013395493419681627 -0.0063281015155335577 0.003551226416787151 -0.0043212126658261759 0.0050996308788970705 -0.00094049466734677642 -0.0030313810937942064 -0.0026136202477342026
leaf_weight=25823 144 278 151 138 109 164 120 119 1025 705 197 116 323 1878 114 163 101 109 101 4197 459 110
leaf_count=25823 144 278 151 138 109 164 120 119 1025 705 197 116 323 1878 114 163 101 109 101 4197 459 110
internal_value=-3.10058e-05 -1.30078e-05 0.000131493 0.000178611 -0.000521751 -0.000303564 0.0015756 -0.0020426 0.000156177 0.00122537 8.50888e-05 -0.00304579 0.000376311 -0.0004803 -0.00231092 -0.00344767 0.000139901 -0.00144058 0.00164985 -0.000613193 -0.00377979 -0.00483142
internal_weight=36644 36500 28426 27888 8074 7061 607 1013 27750 1730 26020 694 443 6454 538 387 319 218 379 6075 578 273
internal_count=36644 36500 28426 27888 8074 7061 607 1013 27750 1730 26020 694 443 6454 538 387 319 218 379 6075 578 273
is_linear=0
shrinkage=0.05


end of trees

feature_importances:
nifty_vol_21d=129
vol_63d=105
rs_63d=85
mom_12_1=72
sma20_50=70
vol_ratio=67
atr_pct=65
dist_sma200=64
lo52_dist=58
nifty_dist_sma50=53
hi52_dist=52
ret_63d=51
vol_21d=49
rs_21d=48
rsi_14=47
nifty_ret_21d=43
ret_10d=38
rsi_5=25
dist_sma20=23
nifty_ret_5d=23
ret_21d=22
dist_sma50=21
ret_5d=18
turnover_z=15
ret_1d=13
range_pos=13
boll_z=10
gap=8
down_streak=1

parameters:
[boosting: gbdt]
[objective: regression]
[metric: l2]
[tree_learner: serial]
[device_type: cpu]
[data_sample_strategy: bagging]
[data: ]
[valid: ]
[num_iterations: 400]
[learning_rate: 0.05]
[num_leaves: 48]
[num_threads: 0]
[seed: 42]
[deterministic: 0]
[force_col_wise: 0]
[force_row_wise: 0]
[histogram_pool_size: -1]
[max_depth: 6]
[min_data_in_leaf: 100]
[min_sum_hessian_in_leaf: 0.001]
[bagging_fraction: 0.8]
[pos_bagging_fraction: 1]
[neg_bagging_fraction: 1]
[bagging_freq: 1]
[bagging_seed: 400]
[bagging_by_query: 0]
[feature_fraction: 0.8]
[feature_fraction_bynode: 1]
[feature_fraction_seed: 30056]
[extra_trees: 0]
[extra_seed: 12879]
[early_stopping_round: 0]
[early_stopping_min_delta: 0]
[first_metric_only: 0]
[max_delta_step: 0]
[lambda_l1: 0]
[lambda_l2: 0]
[linear_lambda: 0]
[min_gain_to_split: 0]
[drop_rate: 0.1]
[max_drop: 50]
[skip_drop: 0.5]
[xgboost_dart_mode: 0]
[uniform_drop: 0]
[drop_seed: 17869]
[top_rate: 0.2]
[other_rate: 0.1]
[min_data_per_group: 100]
[max_cat_threshold: 32]
[cat_l2: 10]
[cat_smooth: 10]
[max_cat_to_onehot: 4]
[top_k: 20]
[monotone_constraints: ]
[monotone_constraints_method: basic]
[monotone_penalty: 0]
[feature_contri: ]
[forcedsplits_filename: ]
[refit_decay_rate: 0.9]
[cegb_tradeoff: 1]
[cegb_penalty_split: 0]
[cegb_penalty_feature_lazy: ]
[cegb_penalty_feature_coupled: ]
[path_smooth: 0]
[interaction_constraints: ]
[verbosity: -1]
[saved_feature_importance_type: 0]
[use_quantized_grad: 0]
[num_grad_quant_bins: 4]
[quant_train_renew_leaf: 0]
[stochastic_rounding: 1]
[linear_tree: 0]
[max_bin: 255]
[max_bin_by_feature: ]
[min_data_in_bin: 3]
[bin_construct_sample_cnt: 200000]
[data_random_seed: 175]
[is_enable_sparse: 1]
[enable_bundle: 1]
[use_missing: 1]
[zero_as_missing: 0]
[feature_pre_filter: 1]
[pre_partition: 0]
[two_round: 0]
[header: 0]
[label_column: ]
[weight_column: ]
[group_column: ]
[ignore_column: ]
[categorical_feature: ]
[forcedbins_filename: ]
[precise_float_parser: 0]
[parser_config_file: ]
[objective_seed: 16083]
[num_class: 1]
[is_unbalance: 0]
[scale_pos_weight: 1]
[sigmoid: 1]
[boost_from_average: 1]
[reg_sqrt: 0]
[alpha: 0.9]
[fair_c: 1]
[poisson_max_delta_step: 0.7]
[tweedie_variance_power: 1.5]
[lambdarank_truncation_level: 30]
[lambdarank_norm: 1]
[label_gain: ]
[lambdarank_position_bias_regularization: 0]
[eval_at: ]
[multi_error_top_k: 1]
[auc_mu_weights: ]
[num_machines: 1]
[local_listen_port: 12400]
[time_out: 120]
[machine_list_filename: ]
[machines: ]
[gpu_platform_id: -1]
[gpu_device_id: -1]
[gpu_device_id_list: ]
[gpu_use_dp: 0]
[num_gpu: 1]

end of parameters

pandas_categorical:null
